id,name
801,디종머스터드
802,
803,가오리
804,낫토
805,
806,깔루아
807,천사채
808,
809,과메기
810,고구마줄기
811,넛맥
812,광어
813,닭봉
814,돼지고기껍데기
815,돼지감자
816,
817,도다리
818,돌미나리
819,다홍채
820,도미
821,다슬기
822,능이버섯
823,다마리간장
824,농어
825,노루궁뎅이버섯
826,노가리
827,
828,나초
829,
830,굴비
831,그릭요거트
832,구기자
833,고구마전분
834,고구마순
835,건무화과
836,
837,돼지고기갈매기살
838,
839,
840,럼주
841,요구르트
842,쥬키니호박
843,아삭이고추
844,
845,메밀
846,초록입홍합
847,관자
848,돼지고기뒷다리
849,견과류
850,
851,사우전아일랜드
852,매실액
853,
854,초고추장
855,청주
856,배즙
857,된장
858,떡국떡
859,돼지등갈비
860,
861,소고기다짐육
862,맛간장
863,참타리버섯
864,찹쌀현미
865,
866,통후추
867,건다시마
868,우동면
869,중하
870,
871,
872,캐러멜소스
873,블랙올리브
874,스파게티소스
875,드라이이스트
876,새우살
877,파마산치즈가루
878,분유
879,
880,옥수수가루
881,코코아가루
882,보리가루
883,통밀가루
884,머위
885,쌀뜨물
886,무말랭이 
887,제피가루 
888,다크커버춰초콜릿
889,쑥부쟁이
890,구운소금
891,총각무
892,말차가루
893,바닐라익스트랙
894,바닐라빈 
895,분당
896,백아몬드
897,우거지
898,초코청크
899,크림캐러멜
900,체리잼
