id,name
1,수수
2,조
3,옥수수
4,율무
5,호밀
6,밀
7,완두콩
8,강낭콩
9,
10,렌틸콩
11,검은콩
12,병아리콩
13,녹두
14,팥
15,돼지고기안심
16,돼지고기등심
17,돼지고기목심
18,돼지고기앞다리
19,돼지고기갈비
20,소고기안심
21,소고기등심
22,소고기사태
23,소갈비
24,소고기사골
25,닭고기
26,오리고기
27,감
28,감귤
29,금귤
30,다래
31,대추
32,라임
33,레몬
34,망고
35,청매실
36,머루
37,멜론
38,모과
39,무화과
40,바나나
41,배
42,복분자
43,복숭아
44,블루베리
45,구아바
46,리치
47,크랜베리
48,체리
49,거봉
50,곶감
51,두리안
52,한라봉
53,청포도
54,딸기
55,버찌
56,비파
57,사과
58,살구
59,석류
60,수박
61,아보카도
62,앵두
63,오디
64,오렌지
65,오미자
66,유자
67,자두
68,참외
69,키위
70,탱자
71,파인애플
72,파파야
73,포도
74,올리브
75,코코넛
76,망고스틴
77,홍시
78,산수유
79,자몽
80,라즈베리
81,보리수
82,산딸기
83,땅콩
84,개암
85,도토리
86,밤
87,잣
88,은행
89,호박씨
90,헤이즐넛
91,캐슈넛
92,아몬드
93,호두
94,피스타치오
95,피칸
96,해바라기씨
97,버터
98,블루치즈
99,땅콩버터 
100,치즈
