id,name
1901,여리고추
1902,도가니
1903,감자사리
1904,새싹보리분말
1905,만두소
1906,고추청
1907,흰살생선
1908,오렌지제스트
1909,천연당
1910,훗추가루
1911,유부초밥세트
1912,건매생이
1913,무우청시래기
1914,레몬설탕
1915,계피설탕
1916,지단
1917,오렌지설탕
1918,브라운슈거
1919,깜빠뉴
1920,케인슈거
1921,차수수
1922,크레페믹스
1923,크레페
1924,
1925,팜슈거
1926,건오미자
1927,하겔슈거
1928,카라멜시럽
1929,슈가반죽
1930,빨간색크리스탈슈거
1931,파란색크리스탈슈거
1932,초록색크리스탈슈거
1933,크리스탈슈거
1934,크리스탈고운소금
1935,크리스탈소금
1936,아기소금
1937,다시마소금
1938,흰깨
1939,토닉워터
1940,아기김
1941,아기김치
1942,어린이카레
1943,레몬오일
1944,떡국
1945,마누카꿀
1946,
1947,3분카레
1948,황물엿
1949,커리파우더
1950,말린느타리버섯
1951,로제소스
1952,토마토파스타
1953,토마토파스타소스
1954,알리오올리오소스
1955,크림파스타소스
1956,로제스파게티
1957,타바스코
1958,불닭마요덮밥
1959,강낭콩통조림
1960,머쉬룸스파게티소스
1961,토마토스파게티소스
1962,미트스파게티소스
1963,가래떡
1964,미트스파게티
1965,스파게티불닭볶음면
1966,해물스톡
1967,파스타
1968,파스타소스
1969,봉골레파스타소스
1970,로제파스타
1971,로제스파게티소스
1972,로제떡볶이소스
1973,로제와인
1974,볶음면
1975,라오간마소스
1976,가람마살라
1977,샌드위치용햄
1978,햇밤
1979,카이엔페퍼
1980,그래놀라시리얼
1981,페코리노치즈
1982,우육탕면
1983,미니피망
1984,수제요거트
1985,옹심이
1986,탕수육
1987,막대과자
1988,조선부추
1989,블루베리발효액
1990,쑥갓잎
1991,통헤이즐넛
1992,대합살
1993,청각
1994,아마란스
1995,감자수제비
1996,볶은현미
1997,
1998,새싹보리
1999,흑토마토
2000,마늘오일
