id,name
1001,와플
1002,김치용 풀
1003,에그베네딕트용 빵
1004,열빙어
1005,물
1006,멸치가루
1007,누텔라
1008,즉석밥
1009,돌나물
1010,닭육수
1011,푸실리
1012,홀토마토
1013,칼국수
1014,열무김치
1015,콩가루
1016,풋마늘
1017,스리라차소스
1018,갓김치
1019,자일로스설탕
1020,돈까스소스
1021,오이지
1022,발사믹크림
1023,호박잎
1024,
1025,조랭이떡
1026,육수
1027,레시피마다달라요!
1028,만능간장
1029,천연조미료
1030,채소
1031,양념장
1032,시럽
1033,원당
1034,불고기
1035,쌈채소
1036,잡채
1037,과일
1038,해물
1039,짜장가루
1040,콜리플러워
1041,빵
1042,다짐육
1043,샬롯
1044,오뚜기
1045,두부면
1046,뉴슈가
1047,오레오
1048,분홍소시지
1049,불닭소스
1050,핫도그번
1051,엿기름
1052,허브시즈닝
1053,알룰로스
1054,떡갈비
1055,연두
1056,시리얼
1057,와인
1058,만개한알
1059,양송이스프
1060,동그랑땡
1061,마시멜로
1062,카스테라
1063,현미유
1064,심미즙
1065,계란간장
1066,고추장아찌소스
1067,고추장아찌
1068,콩물
1069,불린콩물
1070,연두청양초
1071,딜
1072,아보카도오일
1073,바베큐소스
1074,딸기청
1075,초코펜
1076,잼
1077,오렌지주스
1078,양파청
1079,잡곡밥
1080,다시마간장
1081,씨리얼
1082,오리엔탈드레싱
1083,인절미 
1084,미트볼
1085,꽃빵
1086,햄버거빵
1087,쌍화탕
1088,땅콩소스
1089,고추씨기름
1090,감태
1091,오미자청
1092,트러플오일
1093,엄나무
1094,햄프씨드
1095,스테비아
1096,크로와상
1097,토마토퓨레
1098,마라소스
1099,딸기가루
1100,에리스리톨
