id,name
1301,라면스프
1302,곰탕라면
1303,라면사리
1304,현미가루
1305,쫄면라면
1306,생쫄면
1307,수제비반죽
1308,리가토니
1309,생삼
1310,펜네
1311,동물파스타면
1312,석박지
1313,고들빼기
1314,오이소박이
1315,깻잎장아찌
1316,바라깻잎
1317,국물떡볶이
1318,새싹보리가루
1319,시금치페스토
1320,드레싱
1321,육우안심
1322,육우등심
1323,그린페퍼
1324,올스파이스
1325,건빵
1326,엄나무순
1327,참두릅
1328,숭어
1329,숭어어란
1330,건복숭아
1331,건자두
1332,자두잼
1333,유자잼
1334,오렌지잼
1335,파인애플잼
1336,호떡잼믹스
1337,파인애플망고잼
1338,파인애플캔
1339,곰피
1340,강력쌀가루
1341,쑥쌀가루
1342,현미찹쌀가루
1343,중기쌀가루
1344,연잎가루
1345,단호박가루
1346,락교
1347,소보루
1348,녹차잎
1349,자몽청
1350,
1351,핑크페퍼
1352,블루베리소보루
1353,건살구
1354,
1355,소보로빵
1356,김치양념
1357,요리초
1358,말차
1359,애플민트잎
1360,천마가루
1361,비트잎
1362,구기자가루
1363,
1364,호박가루
1365,하이라이스
1366,삶은고구마
1367,통조림콩
1368,머핀믹스
1369,병아리콩가루
1370,병아리콩통조림
1371,강낭콩배기
1372,치킨무
1373,
1374,병아리콩배기
1375,아몬드밀크
1376,그레놀라
1377,후무스
1378,타히니페이스트
1379,치자가루
1380,초콩
1381,생들기름
1382,퍼핑콩
1383,완두콩통조림
1384,제누와즈
1385,
1386,푸주
1387,가쓰오부시육수
1388,송화버섯
1389,
1390,국시장국쯔유
1391,콘푸라이트
1392,로투스
1393,콩담백면
1394,후루룩국수
1395,멸치젓
1396,오크라
1397,뽕잎
1398,슈레드치즈 
1399,궁채나물
1400,망초나물
