id,name
1401,광대나물
1402,애플시나몬시럽
1403,시나몬설탕
1404,진미채볶음
1405,달걀말이
1406,달걀장조림
1407,삶은달걀
1408,대창
1409,야끼소바면
1410,건더기스프
1411,비타민채소
1412,비타민음료
1413,다발무
1414,적포도
1415,적포도주스
1416,냉동라즈베리
1417,복분자즙
1418,
1419,강황밥
1420,송이버섯
1421,이슬송이버섯
1422,백만송이버섯
1423,송고버섯
1424,건표고버섯채
1425,냉이된장찌개양념
1426,표고버섯볶음
1427,버섯전
1428,녹두전
1429,건꼴뚜기
1430,삼계탕
1431,삼계탕육수
1432,백앙금
1433,완두앙금
1434,통팥앙금
1435,
1436,귤껍질
1437,프리마
1438,아몬드후레이크
1439,귀리가루
1440,낙지젓
1441,콩
1442,팜슈가
1443,땅콩호박
1444,콩단백
1445,깻잎전
1446,레드커리
1447,블루베리콩포트
1448,청국장가루
1449,쌀누룩
1450,청태콩
1451,동부콩
1452,콩누룩
1453,소금누룩
1454,메주가루
1455,고니
1456,소갈비양념
1457,돼지갈비양념
1458,소불고기양념
1459,돼지불고기양념
1460,명태알
1461,건두부
1462,갈비양념
1463,마카롱
1464,매운갈비양념
1465,안달루시아산올리브유
1466,마카롱믹스
1467,엑스트라버진코코넛오일
1468,압착올리브유
1469,자몽주스
1470,계란
1471,계란말이
1472,삶은계란
1473,계란과자
1474,계란빵믹스
1475,구운계란
1476,구운달걀
1477,팬케익믹스
1478,고기만두
1479,김치만두
1480,군마두
1481,물만두
1482,뮤즐리
1483,고수잎
1484,카카오파우더
1485,사과음료
1486,블루베리가루
1487,적겨자잎
1488,대저토마토
1489,비트가루
1490,중파
1491,스테이크시즈닝
1492,
1493,노추간장
1494,우렁쌈장
1495,멸치쌈장
1496,참깨마늘쌈장
1497,보리쌈장
1498,고구마쌈장
1499,
1500,아기된장
