id,name
901,아몬드분태
902,아이스크림
903,바질페스토
904,사워크림
905,소고기국거리
906,
907,무염버터 
908,마늘뿌리
909,쫄면
910,동태포
911,초콜릿칩
912,카카오닙
913,스프링클
914,땅콩분태 
915,펄슈가
916,팥앙금
917,팥배기
918,레몬주스
919,파르미자노레지아노치즈
920,버섯
921,실곤약
922,양갱
923,돼지고기다짐육
924,도토리가루
925,쿠킹스위트 
926,모닝고추 
927,밀글루텐
928,샤프인스턴트
929,파스타면
930,캐비아
931,샐러드채소
932,묵은지
933,
934,갓
935,사과식초 
936,바닐라럼주
937,
938,소고기불고기
939,돼지고기등뼈
940,
941,
942,
943,녹미
944,건아로니아
945,조개
946,훈제오리
947,매실청
948,액젓
949,베이킹소다
950,
951,실치
952,
953,황기
954,무싹
955,타르타르소스
956,나도팽나무버섯
957,미니사과
958,유채나물
959,식용색소
960,레몬제스트
961,크림파티쉐
962,김치
963,호박고지
964,한천
965,밤호박
966,피조개
967,소고기살치살
968,사과즙
969,생강술
970,노추소스
971,말린취나물
972,대패삼겹살
973,
974,미니새송이버섯
975,조미김
976,밥새우
977,소고기안창살
978,메로
979,
980,
981,떡볶이떡
982,황태채
983,만두 
984,시판치킨
985,고춧잎
986,무청
987,돈까스
988,사골곰탕 
989,유자청
990,다시마육수 
991,치아바타
992,엔다이브
993,꼬시래기
994,크래커
995,분모자당면
996,케이준시즈닝
997,케이엔 페퍼
998,양파가루
999,마늘가루
1000,꼬투리강낭콩
