id,name
3001,딸기코팅초콜릿
3002,
3003,가나초콜릿
3004,초코하임
3005,즉석떡볶이
3006,초코우유
3007,핫도그가루
3008,치팸
3009,야채육수
3010,청포묵가루
3011,강황국수
3012,산나물
3013,청도미나리
3014,낙지양념
3015,부대찌개햄
3016,부대찌개
3017,박고지
3018,건박고지
3019,하늘마
3020,양파김치
3021,양파장아찌간장
3022,야채스톡
3023,새우스톡
3024,닭강정
3025,표고버섯가루
3026,달팽이
3027,울타리콩
3028,
3029,영지버섯
3030,미강가루
3031,육우채끝
3032,육우불고기
3033,육우
3034,육우사태
3035,육우홍두깨
3036,육우살치
3037,육우우둔
3038,육우차돌
3039,육우갈비
3040,건양파
3041,한우설도
3042,한우치마살
3043,안심스테이크
3044,닭곰탕
3045,꼬리곰탕
3046,닭뼈
3047,닭발양념
3048,닭볶음탕용
3049,한섬만두
3050,굴림만두
3051,새우만두
3052,새우볶음
3053,팟타이
3054,깐양파
3055,양파껍질
3056,삼각살
3057,염장미역
3058,염장톳
3059,데코팬
3060,냉동딸기
3061,딸기블로섬
3062,딸기톡톡
3063,바나나킥
3064,건바나나
3065,바나나오일
3066,바나나잼
3067,바나나엑기스
3068,찰밀가루
3069,물냉면
3070,비빔냉면
3071,오이냉국
3072,오이즙
3073,계란찜
3074,녹차티백
3075,녹차
3076,쌀과자
3077,알생지
3078,
3079,김과자
3080,감자과자
3081,크림파스타
3082,웨지감자
3083,감자떡
3084,고로케
3085,감자탕
3086,감자국
3087,감자탕면
3088,고구마과자
3089,케익믹스
3090,죽
3091,말린당근
3092,고형카레
3093,커리
3094,카레용고기
3095,카레참치
3096,그린커리
3097,콜리플라워라이스
3098,푸팟퐁커리
3099,난믹스
3100,카르다몸
