id,name
1501,우렁된장
1502,토마토잼
1503,토마토살사
1504,풀치
1505,건갈치
1506,생멸치
1507,세모가사리
1508,갈치젓
1509,갈치포
1510,순살갈치
1511,갈치조림양념
1512,멸치코인육수
1513,완두콩캔
1514,젓갈
1515,멍게젓갈
1516,청어알젓
1517,가리비젓갈
1518,씨앗젓갈
1519,디포리젓
1520,아기간장
1521,그뤼에르치즈
1522,볶음고추장
1523,블랙베리
1524,말린양송이버섯
1525,절편
1526,톳나물
1527,죽염소금
1528,블루베리효소
1529,홍삼절편
1530,깍두기김치
1531,후라이드치킨
1532,찹쌀밥
1533,후라이팬뚜껑
1534,XO소스
1535,소꼬리
1536,수수가루
1537,적피망
1538,초코볼
1539,썬드라이토마토
1540,라디치오
1541,마늘햄
1542,로스트치킨
1543,함박스테이크
1544,쇠고기양지
1545,치킨튀김가루
1546,봄나물
1547,양념치킨소스
1548,양념치킨
1549,마스코바도
1550,치킨가스
1551,식빵믹스
1552,게살커리
1553,꼬마전복
1554,팝콘치킨
1555,볶음김치
1556,팝콘
1557,맛감자
1558,무나물
1559,우엉채
1560,오징어튀김
1561,스윗칠리소스
1562,돗나물
1563,치킨소시지
1564,커리페이스트
1565,바닐라페이스트
1566,바닐라케익믹스
1567,말차시럽
1568,순살치킨
1569,탄두리치킨소스
1570,감자수제비가루
1571,핫바
1572,갈비탕
1573,치킨커리
1574,비프커리
1575,치킨스테이크
1576,
1577,치킨스틱
1578,짜샤이
1579,레몬간장
1580,매실간장
1581,닭가슴살소시지
1582,수비드닭가슴살
1583,훈제닭가슴살
1584,큐브닭가슴살
1585,닭가슴살햄
1586,팟타이소스
1587,갈릭마요네즈
1588,라비올리
1589,알프레도소스
1590,히말라야소금
1591,청어알
1592,라구소스
1593,금태
1594,오겹살
1595,전호나물
1596,카카오가루
1597,감자칩
1598,샌드위치빵
1599,
1600,헛개나무
