id,name
2801,
2802,날치알어묵
2803,김밥어묵
2804,표고버섯육수
2805,동파육
2806,건파인애플
2807,쿨피스
2808,카프리썬
2809,도라지배즙
2810,꿀꽈배기
2811,양배추가루
2812,버터헤드상추
2813,배추시래기
2814,석류주스
2815,블루베리식초
2816,블루베리즙
2817,바나나우유
2818,커피우유
2819,국수호박
2820,늙은호박고지
2821,단호박퓨레
2822,호박죽
2823,팥죽
2824,파이시트
2825,호박전
2826,식용장식
2827,호박즙
2828,피마자
2829,호박발효액
2830,
2831,찰보리
2832,호박엿
2833,짜장소스
2834,해물조미료
2835,해물분말
2836,다시마가루
2837,머랭카네이션
2838,머랭파우더
2839,머랭쿠키
2840,머랭안정제
2841,감귤제스트
2842,나파쥬
2843,딸리아뗄레
2844,쌀식초
2845,삼채
2846,대게살
2847,사워종
2848,사우워크라우트
2849,와송
2850,야채피클
2851,할라피뇨피클
2852,버터헤드래터스
2853,할라피뇨소스
2854,다시마면
2855,실다시마
2856,청게
2857,해초면
2858,
2859,허브류
2860,과일시럽
2861,핑크소금
2862,허브차
2863,박나물
2864,된장국
2865,돼지내장
2866,태국된장
2867,된장찌개양념
2868,까르보불닭
2869,감바스
2870,보크라이스
2871,오므라이스소스
2872,아몬드버터
2873,아몬드슬리버드
2874,아몬드멸치볶음
2875,율무가루
2876,푸아그라
2877,홍삼정과
2878,허니아몬드
2879,키세스초코렛
2880,호두과자
2881,호두오일
2882,호두강정
2883,
2884,
2885,메로나
2886,호두마루
2887,과일무
2888,옥수수과자
2889,
2890,에이스과자
2891,아이비과자
2892,옥수수시럽
2893,옥수수알맹이
2894,옥수수수염차
2895,옥수수식빵
2896,옥수수식빵믹스
2897,옥수수면
2898,옥수수차
2899,깐밤
2900,약단밤
