id,name
1601,옥수수유
1602,유부초밥
1603,포도즙
1604,손두부
1605,파인애플즙
1606,시즈닝
1607,타코시즈닝
1608,바베큐시즈닝
1609,칠리시즈닝
1610,찹스테이크
1611,찹스테이크소스
1612,소라살
1613,레몬밤
1614,아메리카노
1615,중국당면
1616,귀리밥
1617,양파장아찌
1618,딸기우유
1619,흑임자가루
1620,호박나물
1621,깐메추리알
1622,스지
1623,핑크솔트
1624,모듬전
1625,페투치니면
1626,우족
1627,직화짬뽕
1628,고메중화짬뽕
1629,오징어짬뽕
1630,백짬뽕
1631,나가사키짬뽕
1632,소곱창
1633,프로슈토
1634,김장양념
1635,오트밀가루
1636,가시오가피
1637,양념갈비
1638,LA갈비
1639,LA양념갈비
1640,얼그레이티백
1641,
1642,소갈비찜
1643,오렌지껍질
1644,파래가루
1645,마늘쫑장아찌
1646,마쉬멜로우
1647,
1648,알로에
1649,엉겅퀴
1650,취나물장아찌
1651,곰취나물장아찌
1652,나물
1653,육개장
1654,추어탕
1655,고비나물
1656,가지나물
1657,파드득나물
1658,취나물무침
1659,비듬나물
1660,
1661,양념돼지갈비
1662,양념소갈비
1663,돼지갈비찜용
1664,돼지고기갈비살
1665,양갈비살
1666,소갈비살
1667,
1668,갈비맛소시지
1669,어향소스
1670,카이피라
1671,이화주
1672,산초
1673,마늘허브소금
1674,이베리코돼지갈비
1675,돼지떡갈비
1676,돼지찜갈비
1677,갈비만두
1678,강된장
1679,커피액기스
1680,해초
1681,코코넛워터
1682,대구포
1683,모과청
1684,체리청
1685,개복숭아
1686,개복숭아청
1687,산딸기청
1688,황매실
1689,생강매실맛술
1690,깐생강
1691,연생강
1692,생강맛술
1693,생강차
1694,생강초
1695,고기육수
1696,크림스프
1697,고구마스프
1698,콘스프
1699,부시맨빵
1700,크로와상생지
