id,name
1801,메밀소바장국
1802,메밀소바소스
1803,가루녹차
1804,페투치니
1805,어묵육수
1806,가락국수
1807,가쓰오부시분말
1808,튀김우동
1809,가쓰오우동
1810,고등어구이
1811,유자드레싱
1812,우동육수
1813,미니아스파라거스
1814,
1815,말린가지
1816,보이차
1817,컵우동
1818,통오징어
1819,볶음우동
1820,고구마말랭이
1821,밀면
1822,아로니아분말
1823,밀면육수
1824,총알오징어
1825,비빔면소스
1826,볶음쌀국수
1827,쌀국수
1828,비빔쌀국수
1829,볶음쌀국수소스
1830,사리곰탕면
1831,도삭면
1832,누들면
1833,새싹삼
1834,컵누들
1835,쌀파스타면
1836,떠우츠
1837,훠궈디료
1838,향신료
1839,고수씨
1840,가시오가피순
1841,면
1842,소스
1843,생선
1844,생박
1845,삼계탕재료
1846,도토리묵말랭이
1847,
1848,민들레
1849,국
1850,탕
1851,황칠
1852,야관문
1853,홍삼가루
1854,산야초효소
1855,폴리폴리초코
1856,초코쿠키크런치
1857,
1858,스콘믹스
1859,초코파이
1860,초코시럽
1861,밀크초코칩
1862,적치커리
1863,오코노미야키
1864,무우말랭이
1865,오코노미야키가루
1866,깻순
1867,잡뼈
1868,울외장아찌
1869,장아찌
1870,양념
1871,초록피망
1872,문어숙회
1873,땅콩기름
1874,대두
1875,돌김
1876,대두가루
1877,신화당
1878,고구마칩
1879,원두
1880,고구마앙금
1881,고구마샐러드
1882,고구마튀김
1883,고구마라떼파우더
1884,스팸햄
1885,베이컨스테이크
1886,베이컨칩
1887,패션후르츠
1888,블루베리파우더
1889,대파김치
1890,파김치양념
1891,제육볶음양념
1892,돼지불고기
1893,달래장
1894,제육볶음용
1895,무짠지
1896,기버터
1897,율무쌀
1898,소불고기
1899,숯불향고기소스
1900,만능비빔장
