id,name
201,스트링치즈
202,체다치즈
203,연유
204,파마산치즈
205,에멘탈치즈
206,까망베르치즈
207,크림치즈
208,요거트
209,브리치즈
210,마가린
211,모짜렐라치즈
212,하우다치즈
213,슬라이스치즈
214,마스카포네치즈
215,피자치즈
216,허브치즈
217,휘핑크림
218,우유
219,달걀
220,오리알
221,메추리알
222,거위알
223,
224,고춧가루
225,후춧가루
226,설탕
227,꿀
228,마요네즈
229,서덜
230,
231,식초
232,토르티야
233,다진마늘
234,밀가루
235,
236,
237,고추기름
238,라이스페이퍼
239,라임즙
240,
241,라조장
242,라즈베리잼
243,랍스타
244,래디쉬
245,
246,레드와인
247,레드페퍼
248,레드비트
249,
250,레몬즙
251,레몬청
252,로메인
253,로즈마리
254,롤라로사
255,롤치즈
256,루꼴라
257,리코타치즈
258,
259,건새우
260,마론잼
261,
262,건고추
263,건오징어
264,마카다미아
265,건홍합
266,스테이크소스
267,가쓰오부시
268,
269,
270,
271,건고사리
272,건대추
273,건크랜베리
274,
275,고다치즈
276,그라나파다노치즈
277,고운고춧가루
278,고르곤졸라치즈
279,곤약
280,곰취
281,
282,굵은고춧가루
283,굵은소금
284,마카로니
285,막걸리
286,만가닥버섯
287,만두피
288,까나리액젓
289,
290,맛살
291,깨
292,맛소금
293,맛술
294,꽈리고추
295,
296,청양고추
297,망고잼
298,
299,매실주
300,닭다리
