id,name
3101,펜넬씨드
3102,비프브로스
3103,브로콜리새싹
3104,브로첸
3105,고수분말
3106,고수홀
3107,느억맘소스
3108,깐풍소스
3109,돈카츠소스
3110,아보카도스프레드
3111,약과
3112,헤이즐넛가루
3113,그라노파다노
3114,리큐르
3115,갈릭드레싱
3116,샤이니볼
3117,올리브치아바타
3118,게살내장
3119,게살장
3120,게살튀김
3121,가라아게
3122,페레론치노스파게티소스
3123,칠리페퍼소스
3124,너트메그가루
3125,너트메그
3126,피자도우믹스
3127,오감자
3128,마키베리분말
3129,믹스베리
3130,샤브레
3131,아보카도마요네즈
3132,이까슈마
3133,파인애플퓨레
3134,환타파인애플
3135,환타오렌지
3136,단백질파우더
3137,베이비콘
3138,베이비크랩
3139,마라롱샤소스
3140,랜치소스
3141,타코야끼파우더
3142,텐카츠
3143,돈카츠
3144,목살스테이크
3145,산적용고기
3146,불고기덮밥소스
3147,소고기덮밥소스
3148,유부초밥소스
3149,비빔밥
3150,볼로네제소스
3151,비프스테이크
3152,콘비프
3153,소고기부채살
3154,대추씨
3155,대추토마토
3156,바질토마토페이스트
3157,소간
3158,토마토청
3159,고기산적
3160,백설초코케익믹스
3161,질경이분말
3162,보리튀밥
3163,통밀국수
3164,오돌뼈볶음
3165,스키야끼소스
3166,일본간장
3167,대파다짐
3168,감성돔
3169,벌집삼겹살
3170,토마토스프
3171,돼지족
3172,두부조림
3173,잡채용돼지고기
3174,백설도넛믹스
3175,토마호크
3176,흑임자페이스트
3177,다진양파
3178,양파드레싱
3179,양파튀김
3180,오돌뼈
3181,식용더스팅파우더
3182,초콜릿망고
3183,카펠리니면
3184,꼰낄리에면
3185,라면후레이크
3186,자숙새우
3187,탈각새우
3188,새우패티
3189,손질새우
3190,딱새우
3191,새우완탕
3192,새우볼
3193,새우칩
3194,왕새우
3195,선인장허니파우더
3196,먹물파스타면
3197,하트파스타
3198,
3199,칡국수
3200,파바빈
