id,name
1201,파인애플식초
1202,죠리퐁
1203,화이트식초
1204,생강식초
1205,보리밥
1206,송편
1207,성게알
1208,멸치볶음
1209,찹쌀떡
1210,아로니아가루
1211,다이제
1212,블랙커피
1213,바질오일
1214,안데스마카
1215,부라타치즈
1216,게간장 
1217,겨자잎
1218,새우튀김
1219,무화과잼
1220,삭힌고추
1221,바닐라
1222,레몬식초
1223,포도식초
1224,바나나식초
1225,키위식초
1226,석류식초
1227,라임식초
1228,자몽식초
1229,배식초
1230,딸기식초
1231,막걸리식초
1232,장미식초
1233,두배식초
1234,백포도식초
1235,귤잼
1236,감말랭이
1237,자일리톨
1238,두절새우
1239,새우머리
1240,꽃새우
1241,파인애플주스
1242,연어회
1243,솔치
1244,비프스톡
1245,포도주스
1246,양파효소
1247,냉면
1248,동치미
1249,감자샐러드
1250,무장아찌
1251,족발
1252,냉면사리
1253,등뼈
1254,버터크림
1255,식혜
1256,검은콩가루
1257,꼴뚜기
1258,조미술
1259,홍게간장
1260,김(감태)
1261,샤인머스켓
1262,갈릭솔트
1263,레몬그라스
1264,마늘장아찌
1265,배음료
1266,냉동망고
1267,백명란
1268,자색고구마가루
1269,화이트와인비네거
1270,선드라이토마토
1271,적근대
1272,깻잎김치
1273,떡볶이
1274,쌈다시마
1275,꽃게액젓
1276,갈치액젓
1277,메가리액젓
1278,초피액젓
1279,가자미액젓
1280,마스코바도설탕
1281,엑스트라버진올리브오일
1282,짜파게티
1283,짬뽕라면
1284,열라면
1285,메밀라면
1286,삼양라면
1287,틈새라면
1288,부대찌개라면
1289,칼국수라면
1290,비빔라면
1291,스파게티라면
1292,신라면
1293,너구리라면
1294,다크초컬릿
1295,안성탕면
1296,짜장라면
1297,카레라면
1298,진라면
1299,해물라면
1300,청겨자
