id,name
501,소금
502,순두부
503,포항초
504,옥수수통조림
505,포트와인
506,시래기
507,식빵
508,식용유
509,실파
510,쑥
511,
512,피클링스파이스
513,하몬
514,
515,소고기우둔살
516,소고기채끝
517,함초
518,핫소스
519,칠리소스
520,해바라기씨유
521,해선장
522,해파리
523,허니머스터드
524,갯나물
525,소고기목심
526,
527,소면
528,황금송이버섯
529,화이트초콜릿
530,황설탕
531,황태
532,후리카케
533,홍삼
534,홍삼진액
535,
536,돼지고기홍두깨살
537,홍어
538,홍차
539,허브솔트
540,
541,
542,현미식초
543,호박고구마
544,꽃소금
545,녹차가루
546,다크초콜릿
547,통깨
548,
549,천일염
550,슈가파우더
551,양조간장
552,어묵
553,
554,청포묵
555,오레가노
556,
557,흑미
558,키조개
559,
560,춘권피
561,춘장
562,초콜릿
563,칠리오일
564,칠리파우더
565,
566,카야잼
567,참치통조림
568,칵테일새우
569,인삼
570,이스트
571,이탈리안시즈닝
572,인스턴트드라이이스트
573,인스턴트커피
574,잎새버섯
575,옥수수전분
576,진미채
577,오트밀
578,옥돔
579,올리브유
580,올리고당
581,참송이버섯
582,와사비
583,용과
584,소고기양지
585,소주
586,영양부추
587,아이스플랜트
588,알감자
589,알배기배추
590,안초비
591,야콘
592,애느타리버섯
593,양미리
594,애플망고
595,양조식초
596,애플민트
597,
598,양파즙
599,
600,어간장
