id,name
2901,프랑크햄
2902,말린밤
2903,밤가루
2904,곰밤부리
2905,밤꿀
2906,바밤바
2907,단감
2908,어수리
2909,나시고랭소스
2910,송이토마토
2911,샤브샤브용소고기
2912,크랜베리주스
2913,참외장아찌
2914,블루베리주스
2915,아사이베리
2916,주니퍼베리
2917,펜넬
2918,펜넬씨
2919,
2920,파피씨드
2921,큐민씨드
2922,겨자씨
2923,흑마늘즙
2924,흑마늘소금
2925,꿀마늘
2926,마늘빵
2927,군고구마
2928,단감즙
2929,마늘고추장
2930,고추장불고기
2931,고추장찌개면
2932,차돌우렁강된장
2933,고추부각
2934,홍고추
2935,땡초
2936,고추씨가루
2937,페페로치노분말
2938,군만두
2939,볶음용멸치
2940,고추잡채소스
2941,청고추
2942,쌀크로칸트
2943,크런치
2944,딸기크런치
2945,망고크런치
2946,땅콩크런치
2947,블루베리크런치
2948,커피크런치
2949,구운조기
2950,갑오징어
2951,데친오징어
2952,링오징어
2953,솔방울오징어
2954,오징어입
2955,버터구이오징어
2956,어징어과자
2957,오징어볶음
2958,오징어볶음양념
2959,오징어몸통
2960,오징어다리
2961,오징어살
2962,산딸기잼
2963,건조딸기
2964,딸기주스
2965,웰치스소다
2966,쁘띠첼
2967,롤케익
2968,크레미
2969,
2970,진저시럽
2971,마늘생강기름
2972,구운마늘
2973,마늘잼
2974,마늘버터
2975,마늘청
2976,
2977,
2978,마늘잎
2979,각설탕
2980,라볶이
2981,햄버거패티
2982,함박스테이크소스
2983,등심스테이크
2984,돈까스용고기
2985,모듬튀김
2986,모듬조개
2987,모듬쌈
2988,모듬새싹
2989,모듬어묵
2990,사각어묵
2991,어묵탕소스
2992,어묵탕
2993,동글어묵
2994,어묵조림
2995,매화어묵
2996,고추어묵
2997,어묵면
2998,김밥햄
2999,다오네만능간장
3000,다크코팅초콜릿
