id,name
2001,베트남건고추
2002,오이장아찌
2003,흰목이버섯
2004,
2005,허브가루
2006,마늘기름
2007,
2008,꺳잎
2009,만능매운장
2010,대패목살
2011,아마씨가루
2012,케일잎
2013,명이나물장아찌
2014,토마토주스
2015,콘샐러드
2016,김말이
2017,건목이버섯
2018,손만두
2019,레몬가루
2020,콜비잭치즈
2021,
2022,볶은춘장
2023,
2024,준코오일
2025,아카시아꿀
2026,카카오닢스
2027,홍삼액
2028,우유얼음
2029,보라양파
2030,도시락김
2031,황두장
2032,데미글라스소스
2033,삼발소스
2034,콘후레이크
2035,호빵
2036,수제소세지
2037,쿠키믹스
2038,웨하스
2039,웨하스초코
2040,3분짜장
2041,딸기초콜릿
2042,전복장
2043,적와인
2044,계피분말
2045,토마토마리네이드
2046,쑥잎
2047,캐슈넛가루
2048,검정콩가루
2049,디료
2050,전지분유
2051,요리수
2052,냉동브로콜리
2053,삼각김밥김
2054,삼각김밥
2055,허브잎
2056,사과조림
2057,염장다시마
2058,피홍합
2059,꽃상추
2060,와플믹스
2061,간장게장
2062,간장게장간장
2063,사태살
2064,보말
2065,왕교자
2066,건체리
2067,볶음밥
2068,부추무침
2069,낙지볶음밥
2070,김치볶음밥
2071,새우볶음밥
2072,게살볶음밥
2073,건가지
2074,아몬드브리즈
2075,닭가슴살볶음밥
2076,빠네
2077,깍두기볶음밥
2078,아몬드우유
2079,복분자가루
2080,해물볶음밥
2081,아몬드시럽
2082,샐러리가루
2083,아몬드드레싱
2084,
2085,말린토마토
2086,크림바질페스토
2087,가이리멸치
2088,바질가루
2089,로즈마리가루
2090,로즈마리맛술
2091,로즈마일오일
2092,로즈마리오일
2093,삶은연근
2094,연근조림
2095,연근튀김
2096,연근칩
2097,연근채
2098,연근즙
2099,연근가루
2100,연근피클
