id,name
2701,키위쨈
2702,참치 (등살-아카미)
2703,
2704,돼지간
2705,
2706,발아현미
2707,현미녹차
2708,현미떡국떡
2709,현미떡볶이
2710,현미후레이크
2711,현미뻥튀기
2712,현미빵
2713,곡물쿠키
2714,고구마퓨레
2715,코울슬로드레싱
2716,육전
2717,사천고추
2718,칠리플레이크
2719,절단낙지
2720,피넛소스
2721,월남쌈피
2722,또르띠아
2723,납작당면
2724,복숭아액기스
2725,흰죽
2726,다래순
2727,산양삼
2728,녹차아이스크림
2729,한생원 천연버섯육수팩
2730,화조유
2731,생선회
2732,포도당가루
2733,다진야채
2734,꽃송이버섯
2735,해초샐러드
2736,파채소스
2737,초코와플
2738,해파리냉채소스
2739,오예스 
2740,라드유
2741,슈크림파우더
2742,죽순통조림
2743,감자통조림
2744,망고통조림
2745,계란흰자
2746,계란노른자
2747,고추장고기볶음통조림
2748,고추참치통조림
2749,짜장참치캔
2750,참치마요캔
2751,건강요리유
2752,요리당
2753,황태다시마육수
2754,새우까스
2755,핫도그렐리쉬
2756,그린 빈
2757,오징어실채
2758,현미튀밥
2759,자반
2760,계피분
2761,타임가루
2762,노르웨이고등어
2763,생두부
2764,헛개
2765,키세스초콜릿
2766,실오징어채
2767,
2768,산초기름
2769,레드키위
2770,건푸룬
2771,약초맛액기스
2772,어수리나물
2773,소라게
2774,고랑주
2775,냉동유부
2776,곡물빵
2777,장어뼈
2778,마늘칩
2779,말린파뿌리
2780,팥고물
2781,웰치주스
2782,생새우
2783,고추효소
2784,당근효소
2785,건조후르츠
2786,청어통조림
2787,정제수
2788,조개살
2789,말린조개살
2790,케이크시트
2791,양파피클
2792,무피클
2793,고추피클
2794,당근피클
2795,단감피클
2796,마늘피클
2797,홀스레디쉬
2798,액상스프
2799,유청
2800,조개육수
