id,name
1101,완두배기
1102,치킨텐더
1103,참소스
1104,우삼겹
1105,공심채
1106,단촛물
1107,포도잼
1108,장아찌원액
1109,밀크초콜릿
1110,매실장아찌
1111,잡곡
1112,중화면
1113,속젓
1114,시나몬스틱
1115,사태
1116,중면
1117,적상추
1118,중화생면
1119,생면
1120,소금물
1121,젤리
1122,치즈소스
1123,당근라페
1124,무즙
1125,
1126,살사소스
1127,오렌지쥬스
1128,감자튀김
1129,쌀국수소스
1130,겨자소스
1131,월남쌈소스
1132,생강소스
1133,크림소스
1134,까르보나라소스
1135,참깨소스
1136,오코노미야키소스
1137,구운김
1138,김밥용김
1139,파래김
1140,김자반
1141,버섯가루
1142,김가루
1143,곱창김
1144,국시장국멸치다시마
1145,파김치
1146,양배추김치
1147,알타리김치
1148,김밥
1149,피자도우
1150,코코넛슬라이스
1151,닭갈비
1152,페파로니
1153,곤이
1154,닭갈비양념
1155,알래스카연어캔
1156,보리굴비
1157,식용꽃
1158,다오네장아찌원액
1159,통밀쿠키
1160,무생채
1161,냉면육수
1162,홍당무
1163,우무채
1164,호밀빵
1165,황치즈가루
1166,루꼴라페스토
1167,대게백간장
1168,레몬필
1169,오징어액젓
1170,계란장조림
1171,메추리알장조림
1172,소고기장조림
1173,돼지고기장조림
1174,장조림
1175,장조림간장
1176,요리생강
1177,닭고기장조림
1178,호랑이콩
1179,혼합콩
1180,콩고물
1181,수제비
1182,수제소시지
1183,치킨너겟
1184,호떡
1185,바닐라파우더
1186,묵간장
1187,묵가루
1188,올방개묵가루
1189,박대
1190,매실식초
1191,핫칠리케찹
1192,매실발사믹식초
1193,화이트와인식초
1194,레드와인식초
1195,화이트발사믹식초
1196,복분자발사믹식초
1197,파기름
1198,바질식초
1199,다시마식초
1200,복분자식초
