id,name
1701,페이스츄리생지
1702,파이생지
1703,쿠키생지
1704,크래미
1705,생지
1706,식빵생지
1707,양파잼
1708,고구마잼
1709,초콜릿잼
1710,애플망고잼
1711,키토잼
1712,베리잼
1713,비트잼
1714,한라봉잼
1715,레드향잼
1716,녹차잼
1717,로투스잼
1718,레몬잼
1719,키위잼
1720,빼빼로
1721,딸기아이스크림
1722,초코아이스크림
1723,커피믹스
1724,블랙커피믹스
1725,원두커피믹스
1726,아이스커피믹스
1727,캡슐커피
1728,딸기원액
1729,커피원두
1730,원두커피
1731,건과일
1732,두부전
1733,
1734,사각치즈
1735,캔커피
1736,아기치즈
1737,
1738,코코넛롱
1739,코코넛파우더
1740,타피오카
1741,치즈떡
1742,귤청
1743,귤칩
1744,감귤주스
1745,트러플소스
1746,레드향
1747,황금향
1748,삶은고사리
1749,트러플소금
1750,반건조무화과
1751,블랙트러플
1752,트러플
1753,트러플꿀
1754,밤페이스트
1755,트러플가루
1756,
1757,돼지편육
1758,빙수떡
1759,해물다시팩
1760,블랙올리브꿀절임
1761,커리분말
1762,대추야자
1763,사우어크라우트
1764,
1765,제육볶음
1766,흰강낭콩
1767,깔라만시원액
1768,양겨자
1769,버섯파우더
1770,햄버거번
1771,바질씨드
1772,더치커피
1773,스위스치즈
1774,해물순두부찌개양념
1775,발아현미밥
1776,순두부찌개양념
1777,어린잎샐러드
1778,허니파우더
1779,핫초코가루
1780,만능양념
1781,브라우니믹스
1782,오일스프레이
1783,사각오뎅
1784,블랙타이거새우
1785,생나또
1786,코코넛칩
1787,퓨리어칼슘파우더
1788,멸치다시팩
1789,투썸요거트파우더
1790,보리차
1791,타피오카전분
1792,조림우엉
1793,밤다이스
1794,현미가래떡
1795,레몬수
1796,찹쌀누룽지
1797,현미누룽지
1798,흑미누룽지
1799,바릴라스파게티
1800,메밀소바
