id,recipe,all,main
0,6900000,372/31,372/31
1,6900001,24/25/244/26/175/254/176/1/320/177/216/474/376/7,244
2,6900002,24/5/432/31/26/175/1/3/48/234/320,432
3,6900006,24/42/31/26/409/175/254/208/474/176/407/82,42
4,6900003,433/407/177/274/173/161,173
5,6900004,177/108,108
6,6900007,237/26/175/531/511/208,531
7,6900008,24/25/26/175/1/3/245/13/320/385,3
8,6900009,117/92/153/172,117/92/153/172
9,6900010,24/237/415/31/295/26/1/475/245/13/53/177/4/208/19,415
10,6900011,147,147
11,6900013,88/87/215/369/407/208/579,88
12,6900014,25/178/436/148/182/177/176/407/208/376,407/178/436/182
13,6900015,24/104/26/180/254/6/48/177/176/407/208/173,6
14,6900016,512/178/180/177/111/208,178/111
15,6900017,47/173/504/175/208/278/234/524/176/212/223/267/27,212/278
16,6900018,172/160/527/372/26/175/254/176/1/13/105/320/177/216/407/318/2,105
17,6900019,215/87/221/545/407/208/173,545
18,6900020,24/5/562/26/31/17/175/254/1/53/407/173/333,333/562
19,6900021,26/357/254/201/480,357
20,6900022,215/31/175/320/474/407/208,320/31
21,6900023,237/220/83/254/245/208,220/83
22,6900024,356/154/158/166/319/156/182/336/177/173/7/264,173/7/182
23,6900025,24/372/77/31/26/231/175/254/208/545/216/407/18,545/77
24,6900027,87/31/26/357/23/214/393/6/332/179/371/545/175/254/216/177/407/173,357/545/87
25,6900028,173/77/31/409/336,173/77
26,6900029,208/173/272/236,173/272/236
27,6900030,372/215/180/17/84/26/254/175/474/407,84
28,6900031,476/25/443/504/26/270/1/440/111/173,173/504/270
29,6900032,215/506/295/1/51/48/545/53/425/4/267/270,51/48/425/53/545
30,6900034,158/273/253/177/111/173/264,253/173/111
31,6900035,124,124
32,6900039,237/215/17/254/48/176/208,17/48
34,6900041,180/26/82/254/248/217/216/176/208/173,173/254
35,6900042,24/25/26/254/176/103/177/216/118/407,103
36,6900044,527/215/254/1/321/177,527/1
37,6900045,432/104/25/31/26/48/407/27,432/27
38,6900046,234/529,234/529
40,6900050,322/372/215/26/254/1/48/7,48
41,6900052,25/215/31/26/175/254/176/1/103/320/216/177/248/407,103
43,6900054,533/31/357/393/332/545/13/173/7,533/357/545
44,6900056,322/504/26/362/444/48/524/176/407/73/308,362
45,6900057,244/31/26/1/278/234/177/407,234/278
46,6900058,24/31/26/175/254/1/278/234/103/320/474/176,234/278
47,6900059,24/237/31/241/409/254/175/1/474/176/208,241
48,6900060,24/527/357/254/175/320/177/511/176/82,527/320
49,6900062,24/243/26/17/175/29/177/208/308,17/175/29
50,6900063,432/24/31/26/17/3/196/234/274/82,17/432
51,6900064,87/296/0/332/545/173/7,545/87/296
52,6900065,237/432/31/26/17/231/175/444/177/216,17
53,6900066,24/372/26/254/67/216/176/383,67
54,6900068,244/113/26/175/254/1/320/177/407/308,244
55,6900069,148/252/95/177/336,95/177
56,6900070,24/31/26/3/222/216/177/176/223,222
57,6900071,527/215/31/289/334/254/1/336/79/407/223/7,223/527/254/79
58,6900073,24/208/173/296,173/296
59,6900074,48/2/433,48/2/433
60,6900075,88/26/158/254/208/336,88/158/26
61,6900076,31/26/175/254/278/54/216/177/176,54/278
63,6900078,172/158/253/177/171/390/173,173/253/390
64,6900079,172/178/236,172/236
67,6900082,24/180/17/26/175/177/511/208,17
68,6900083,24/26/357/254/1/320/248/177/407/208,357/320
69,6900084,24/243/215/26/17/175/1/182/235/248/177/118/274/208/308,17/175
70,6900085,24/322/215/180/270/254/214/545/177/216/173,545/173
71,6900086,32/88/502/440/7,88
72,6900087,25/26/17/507/1/444/622/118/208/128,17/208
73,6900088,137/128/8,8
74,6900089,158/242/177/173/190/264,242/173/264
75,6900090,24/31/26/17/63/180/1/208/511/18,63
76,6900091,356/158/418/166/273/253/171/173,253/173
77,6900092,26/83/254/407/208/534/336,534/83
78,6900093,178/148/319/410/208/108,410/148/108
79,6900094,24/26/393/53/173/7,173/393
80,6900096,237/243/26/83/254/528,528/83
81,6900097,356/153/398/172,398
82,6900098,42/31/26/231/175/274/82/173,42
83,6900099,476/20/177/4/208/173,173
84,6900101,104/5/1/208/545/48/216/176/407/82/7,104/5/7/545
85,6900103,24/237/26/317/176/208,24
86,6900104,3/164/208/270/161,161/3
87,6900105,24/322/363/301/357/175/254/1/320/248/177/478,363/478
88,6900106,24/137/502/26/409/254/109/1/103/177/216/176/4/407/308/7,103
90,6900108,244/26/175/254/320/177/216/176/407,244/320
91,6900110,336/2/323,2/323
92,6900111,24/215/26/0/407/208,0
93,6900112,322/372/158/26/180/301/95/53/177/428,301
94,6900113,26/208/371/176/73,73/371/26
95,6900114,11/26/357/254/1/474/407,357/11
96,6900115,237/350/254/453,350/453
97,6900116,237/104/24/26/254/3/208,104/3
98,6900117,24/5/42/31/26/175/254/1/60/53/177/216/73,60/42
99,6900118,24/104/31/26/17/175/254/511/524/407/47,17/104
100,6900119,26/254/53/158,53
101,6900120,322/173/11/26/254/20/1/285/216/4/47,173
102,6900121,172/158/273/321/253/177/208/173/2/264,173/2/264/253
103,6900122,24/25/88/243/26/17/109/1/444/29/177/118/208,208/29
104,6900123,476/372/215/26/231/320/177,231
105,6900124,24/215/26/20/1/320/176/407/364/7,320/364
106,6900125,24/372/215/31/175/254/1/60/320/177/176/407/7,60
107,6900126,215/26/180/301/175/254/6/1/320/177/407/4/7/19,301
108,6900127,237/215/26/17/175/254/245/474/314/27,17/314
109,6900128,442/237/432/502/31/26/175/1/245/320/216/474/236,442/432
110,6900129,24/31/26/502/17/278/411/234/208,411
111,6900130,24/25/26/606/175/254/176/1/278/103/216/46/474/407,103/278
112,6900131,215/31/26/175/444/248/554/407,554
113,6900132,24/290/432/31/26/17/231/175/1/446/324/82,324
114,6900133,24/432/31/26/17/334/175/254/1/320/54/216/524/82,334/54
115,6900134,5/31/26/254/444/103/53/176/407/47,47
116,6900135,181/346/169/20/39/4/192/559,181/559
117,6900136,32/215/545/13/320/474/407/173/7/14,32/545
118,6900137,31/276/7/272/27,276/272/27
119,6900138,272/13/393/173,13/393/272
120,6900139,316/175/254/320/248/177,320
121,6900140,24/322/296/216/428/336,24/296
122,6900143,87/393/6/545/407/208/173,545/393/87
123,6900144,31/562/1/272/336/7/27,272/27/562
124,6900145,238/158/166/270/319/177/171/173/468,166/173/171/238
125,6900146,24/302/215/31/26/175/208/435,302/435
126,6900147,372/215/26/254/179/177/407/369,369/254
127,6900148,17/178,17/178
128,6900149,24/25/215/31/26/175/254/1/103/320/177/474/176/407,103/320
130,6900152,24/104/26/148/254/176/177/118/407/208,104/254
131,6900153,372/215/357/254/1/216/336/7,357/254
132,6900154,512/25/326/111/208,25/111
133,6900156,24/132/26/175/254/1/278/582/545/285/173,545/132/278
134,6900157,24/563/357/1/53/177/478,478/563
135,6900158,22/7/10,22
136,6900159,237/26/175/444/320/53/474/216,53
137,6900160,309/158/253/177/208/173/264,309/173/253/264
138,6900161,372/215/180/26/175/254/6/320/474/407/7/503,503
139,6900162,215/26/0/407/208,0
140,6900164,24/104/315/31/180/535/254/51/13/29/50/48,104
141,6900165,512/238/180/208/444/176/73/173,73/173/238
142,6900166,173/87/208/336/161,173/161
143,6900167,512/31/180/254/177/376,31
144,6900168,24/372/26/254/407/336/478,407/478/26
145,6900169,5/502/26/1/208/545/511/407/73/7,73/545
146,6900171,17/254/216/177/376,17
147,6900172,26/180/175/254/28/208,28
148,6900173,24/502/180/31/254/444/50/216/474/274/208/173/336,173/50
149,6900174,24/31/26/175/254/1/3/60/320/73/7,73
150,6900175,31/180/254/1/177/4,1
151,6900176,24/26/17/409/175/254/248/176/308/426,426
152,6900177,295/337/1/545/267/173/530,545/173/530
154,6900179,172/158/166/253/177/173,166/173/253
155,6900180,24/402/254/1/278/103,402
156,6900182,24/5/31/26/231/17/254/1/182/3/7/196/511/176/82/336/260,3/182
157,6900183,180/26/241/175/254/6/1/13/177/208/7/14,241
158,6900184,24/237/372/26/175/254/1/234/216/274/364,234/364
159,6900185,172/171/389/177,171/389
160,6900186,24/42/31/26/231/175/278/60/545/196/82/173/314,545/42
161,6900187,24/322/26/254/393/176/19,393/19
162,6900189,512/198/158/273/253/177/208/173/349,512/198/253/173/349
163,6900190,24/5/215/26/53/407/208,5/53
164,6900191,24/476/25/26/175/254/1/103/248/177/320/176/407,24/103
165,6900194,25/178/109/177,25/109/177
166,6900195,24/215/26/175/13/176/407/31/254/1/320/19/42/60/511/177/216/7/183,60/42
167,6900196,26/281/254/177/176/407/208,254
168,6900197,180/26/175/348/254/6/320/177/474/407/208,348/320
169,6900198,215/26/231/254/176/196/216/217/177/407,231/217
170,6900199,325/82/216/177/407/208/173/336,325/173
171,6900200,145/214/6/179/3/107/167/190/128,179/107/128
172,6900201,237/88/215/26/17/175/254/444/48/177/208/7,17/88
173,6900202,322/640/372/296/176/1/444/428/4/336,4/1/296
174,6900203,215/26/17/84/180/254/177/208/7,84
175,6900204,24/104/357/254/1/177/216/176/407/208/223/7,223/254
176,6900206,24/42/31/26/231/215/175/274/82/173/260,42
177,6900207,17/231/254/549/208,549
178,6900208,237/87/173/296/17/26/215/254/545/176/208/336/7,17/545/87
179,6900209,160/392/444/177/192/335/4/208/173/428/162,335/160/173
180,6900210,169/179/392/285/46/39/335,335/285/46/39
181,6900211,26/109/208/105/365/91,91/105/365
182,6900212,24/372/215/31/26/175/254/1/182/320/177/474/407/7/58,58
183,6900213,237/699/177/26,699
184,6900214,237/451/254/88,451/88
185,6900215,173/348/6/321/46/208/280,348
186,6900216,31/231/1/177/336,231/31
187,6900217,73/208,73/208
188,6900218,553/393/182/173/298,182/173/393/298
189,6900219,215/26/320/177/474/407,320
191,6900221,24/208/173/336,173
192,6900223,473/165/564/230,165
195,6900226,215/374/176/407/208/218,218
196,6900227,322/254/103/177/407/336/27,27
198,6900229,220/87/180/325/6/1/392/545/177/208/336/7,545/220/87
199,6900230,336/665,665
200,6900231,25/243/26/17/175/1/444/410/177/118/274/208,17/208
201,6900232,24/25/73/243/26/17/175/507/410/444/29/177/118/274/208/128,208/175/29
202,6900233,148/109/208/321/177/91,91/321
203,6900234,24/26/316/409/221/175/254/1/216/176,221
204,6900236,20/208/29/177/4/335/173,335
205,6900238,24/322/372/215/31/26/295/16/254/1,16
206,6900239,408/243/215/180/26/175/1/474/407/7,408
207,6900241,432/439/178/31/270/180/26/175/179/13/50/208/47/27,439
209,6900243,141/158/1/3/176/208,141/3
210,6900246,73/429/506/141/26/184/303/1/182/242/444/103/177/208/47/343,242/141
211,6900247,104/289/26/1/371/200/216/208,104
212,6900248,87/254/1/545/176/407/208/336/364/7/236,545/364/7/236
213,6900249,648/173/393/87,393/87
214,6900250,29/278,29/278
215,6900251,24/180/175/254/177/407/208,24
216,6900252,17/208/177/180,17
217,6900253,24/432/31/26/231/334/1/245,432/334
219,6900255,24/173/31/26/334/409/254/1/103/177/216/176/407/208/336/272,334/272
220,6900256,432/42/26/17/175/254/57/524/274,57/42
221,6900257,158/319/177/335/173/190/128,335/128
222,6900258,88/215/31/26/17/175/254/479/444/177/524/176/407,17/88/479
223,6900259,24/42/87/215/26/175/254/336/545/48/320/177/216/173/7,545/42
224,6900260,169/26/33/317/3/479/1/7/216/46/176/4/208/173/272/162,3
225,6900261,138/178/7/128,138/7/128
226,6900262,32/215/348/6/278/671/177/407/173,32/348/671
227,6900263,2,2
228,6900264,366/158/253/177/208/173/405/263,366/173/263
229,6900265,322/526/270/254/177/407/47,526/47
230,6900266,24/504/26/175/254/1/216/177/176/274/208/333,333/504
231,6900267,24/5/432/31/26/175/543/1/3/48/234,432
232,6900268,42/31/17/350/444/267/407/208/173,350/42
233,6900269,145/372/296/26/254/320/216/428/478,296/372/478
234,6900270,25/178/143/29/118,118/25/29/143
235,6900271,25/26/17/507/1/444/410/622/177/208,17/208
236,6900272,162/1/179/177/4/208/173/27,173/162
237,6900273,24/26/17/180/175/177/407/208,17
238,6900274,128/9/154/296/395/161/674,674/395
239,6900275,76/372/213/175/208,76/208
240,6900276,24/104/640/1/51/223,104
241,6900277,24/173/214,173/214
242,6900279,24/25/243/26/175/29/474/208/7,29
243,6900280,215/282/6/545/407/208,545/282
244,6900281,24/215/407/208/173/336,173
245,6900282,24/432/289/26/368/1/103/274,103
246,6900283,24/289/17/196/82/314,82
247,6900284,215/254/371/177/46/176/473/333/190/383,333
248,6900285,372/215/31/415/26/175/254/1/245/13/320/177/407/7/19,415
249,6900286,26/17/350/337/1/208/234/82/173,350
250,6900288,24/322/31/26/175/254/176/1/3/320/105/693/474/177/216/308/7/128,105
251,6900289,24/77/31/26/409/254/182,77/182
252,6900290,24/208/1/3,3
254,6900292,32/31/213/175/407/208/27,32
255,6900293,220/158/0/176/208,220/0/158
256,6900294,172/567/158/166/418/273/253/177/173/264,567/166/253/173/264
257,6900295,24/31/26/350/176/208/173,350/173
258,6900296,24/26/175/254/1/234/177/216/407,234
261,6900301,432/502/278,432/502/278
262,6900302,158/182/177/173/349,349/182/173/158
265,6900305,174/7/321,174
266,6900306,160/296/321,296
267,6900307,24/77/26/17/409/175/180/407/474/274/208,17/77/24
268,6900308,434/587/26/371/1/406/162,434/587/406
269,6900309,215/180/26/409/175/254/444/177/407,444
270,6900310,24/372/26/17/254/48/177/176/407/82,17/48
271,6900311,275/1/177/140/46/208/262/190,208/46
272,6900312,24/504/26/474/176/208/73/322/184/254/173/27/298/1/48/29/223/60/216/270/7,73/184/504
273,6900314,296/158/169/1/278/2/406/335/161,335/2/406/278
274,6900316,31/26/183/254/111/176/73/421,73
276,6900322,24/529/182,529/182
277,6900323,237/402/26/254/278/51/103/274/208/173,402
278,6900324,322/504/26/184/1/208/444/177/176/73/173/7,73/184/504
279,6900325,476/371/182/341/176/208/173,341/173/182
280,6900326,24/322/178/215/26/295/357/254/15/177/176,357/15
281,6900327,214/179/208/331/176/335/173/19,335
282,6900328,5/104/215/31/26/1/50/407/176/274/7,274/5
283,6900329,24/26/82/254/1/208/547/60/176/73/7,73/60/547
284,6900331,237/215/26/532/274/267,274/532
285,6900332,24/25/220/26/109/365/208,220
287,6900334,237/88/334/258/409,334/88
288,6900336,356/215/158/153/253/549/173,215/158/549/253/173
289,6900337,17/394/87/208,87
290,6900339,561/215/254/291/179/177/208,254/291
291,6900341,76/434/85/26/433/1/371/189/176/208/173/298,76/434/85
292,6900343,132,132
293,6900344,220/215/31/254/51/48/53/407/208/336/7,48/51/220/53
294,6900345,432/24/26/78/0/51,432/51/0
295,6900346,24/215/31/26/409/175/348/254/1/50/474/176/407/82/173/260/236,348
296,6900347,87/674,87/674
297,6900348,24/17/316/254/260/511/73/173/7/212,73/212
299,6900351,104/215/31/436/26/23/254/177/176/407/82/223/7,223/23/254
300,6900352,26/409/357/175/254/1/179/444/53/216/474/336,357/53
301,6900353,322/363/481/238/254/1/3/103/177/270/7/19,363/481
302,6900355,24/504/26/254/1/216/176/407/308,504
303,6900356,506/275/49/555/371/48/164/46/176/208/383,49/48
304,6900357,24/237/215/31/26/409/278/177/336,237/278
305,6900358,432/24/237/31/1/278/216,432/278
306,6900359,24/215/254/545/285/173/336,545/285
307,6900360,476/322/506/173/254/103/177/176/208/270/308,103
308,6900361,24/476/432/31/26/175/254/1/278/103/177/176/274/308,278
309,6900363,24/526/372/31/26/254/50/474/176/47,526/47
310,6900364,172/366/296/392/177/397/173/428/398/298,366/296/397/173/398/298
311,6900365,31/444/234/693/208/173,234
312,6900366,322/238/254/393/176/1/545/406/428/208/173/7,545/173
313,6900367,24/278/336/173/272/162,272/162/278
314,6900368,24/562/26/1/3/103/177/73/7/19,562
315,6900369,523/31/26/215/254/176/1/103/177/474/118,103
316,6900370,24/104/25/31/26/254/6/48/177/176/407/208/173,48/6
317,6900371,31/254/245/51/48/50/53/407/208/173/272,51/48/50/53/272
318,6900373,172/218/208/158,218
319,6900374,322/372/215/295/254/265/234/177/524/208,234/265
320,6900375,432/24/26/1/278/103/216,103/278
321,6900378,31/26/183/254/111/60/176/421,60
322,6900379,24/172/434/502/26/169/254/1/285/176/208/171,172/434/171/169
325,6900382,24/243/31/254/29/82/173,173/29
326,6900383,24/322/26/175/254/227/177/216,227
327,6900385,603/104/9/26/1/371/545/51/176/208,603/104/545
328,6900386,1/2/164/395/420/161,2/161
329,6900387,408/215/26/254/407,408
330,6900388,1,1
331,6900389,104/88/11/117/1,104/88/11/117/1
332,6900390,314/453,314/453
333,6900391,372/154/215/26/231/254/179/582/177/407,231/154/26
334,6900392,24/5/322/215/504/175/254/1/216/176/407,5
335,6900393,24/31/26/281/78/158/304,281/78
336,6900394,215/296/26/175/254/321/48/320/177/248/428/336/478,296/48/478
337,6900395,172/158/253/177/173/264,173/253/264/158
338,6900396,24/178/243/31/238/285/177/216/407/208/173/333,173/238
339,6900397,24/322/328/504/26/316/16/175/20/254/95/177/270/183,16
340,6900398,247/215/17/175/1/511/474/407/208,247
341,6900399,527/215/26/357/175/254/248/320/177/407,407/527
342,6900400,372/26/175/254/1/278/103/320/216/176/7,103/278
343,6900401,208/410/549/177,410/549
344,6900402,24/215/31/26/175/332/321/177/407,332
345,6900404,366/490/10/632/336/398,398
346,6900405,5/231/348/28/1/208/48/386/511/82/173/7/528,348
347,6900406,372/31/26/553/176/1/234/428/336/7,234/428
348,6900407,24/372/31/26/174/254/326,174
349,6900408,319/410/177/208/2,410/2
350,6900409,24/372/180/26/254/291/320/511,291
351,6900410,24/322/476/31/26/175/254/1/176/73/336,73
352,6900411,76/91/25/26/17/213/507/175/1/444/29/177/474/118/274/208/263/128,208/175/29
353,6900412,271/31/26/371/73,73/371/26
355,6900416,237/24/215/26/175/475/320/248/177/208/34,34
356,6900417,434/371/31/26,434/371/26
357,6900418,31/409/175/254/6/179/474/208/447,6/31
358,6900420,372/215/31/26/17/177/407,17
359,6900421,433/371/278/285/474/176/173/364/272,364/272/278
360,6900422,237/409/175/278/103/234/208,103/278
361,6900423,214/336/13/234/176/407/208/173/7,234/214/173
363,6900426,178/164/143,178/143
365,6900428,346/510/6/179/331/335/173,335/173
367,6900430,87/510/6/278/545/173/7,545/87/278
369,6900432,370/544/208/172,370
370,6901001,24/88/87/336/534/173/529,534/88/529
371,6900433,24/289/26/31/221/254/82/105/177/314,314/221/105
372,6901002,26/231/83/254/245/407/208,245/83
373,6900434,25/26/175/1/336,175/336
374,6900435,432/24/26/29/274/82,432/29
375,6900436,24/180/84/26/254/6/208,6/84
376,6900437,172/2/128,172/2/128
377,6901003,220/173/182,220/173/182
378,6901004,181/166/0/331/161,181/0/161
379,6901005,243/31/26/175/1/410/177/274/208/7/27,175/31
380,6901006,237/24/215/26/17/245/208/336,17
381,6900438,24/26/357/82/208/211/440/444/176/73,73/357
382,6900440,322/372/26/254/216/177/530,254/530/26
383,6901007,24/25/26/231/17/213/350/606/1/446/444/29/474/118/274/82,446/29
384,6900441,322/42/26/409/357/254/248/177/407/7/27,357/42
386,6900442,322/296/254/1/248/428/4,4/1/296
387,6901009,24/243/26/288/267/208,288
388,6900444,24/439/432/31/175/1/234/48,432/439
389,6901010,178/215/254/22/177,22/254
390,6900445,24/26/17/175/254/1/208/51/48/50/234/82/183,51/48/50
391,6901011,24/31/26/254/1/248/173,173/254
392,6900446,24/104/215/31/26/254/1/48/248/177/176/407/336/478,104/478
393,6901013,167/220/127/506,167/220/127
394,6900447,1/182/336/95/2/173/161/298,173/2/161/182
395,6901014,24/220/372/31/26/400/270/175/254/336,175/220
396,6900448,433/336/238,433/238
397,6901015,432/372/215/26/179/29/474,432/29
398,6901016,208/173/333/409,173/333
399,6900449,24/270/1/182/48/234/173/7,48/173/234/182
400,6900450,104/214/6/475/259/13/176/4/208,259/6
401,6900451,24/26/231/1/278/103/216/177/308,103/278
402,6901018,24/432/26/175/254/543/3/532/245/103/488/320/511/407,103/3
403,6900452,25/372/26/175/1/182/444/29/511/274/208,208/175/29
404,6901019,357/160,357/160
405,6901020,372/215/31/26/213/254/1/266/216/176/407/336/7,266
406,6900453,95/208,95
407,6900454,208/215/88/79,88/79
408,6901021,2/285/208/336/272,272/285/2
409,6901022,372/215/26/213/180/175/29/407,175/29
410,6900455,24/476/220/26/175/254/38/51/176/208/534/47/183,220
411,6900456,76/322/434/11/26/1/371/304/176/208,76/434/371
412,6901023,215/26/17/213/175/180/177/208,17/208/175
413,6901024,24/31/26/175/1/53/274/333,274/333
416,6900459,24/25/26/231/17/446/82/260,231
417,6900460,172/6/179/3/569/233/177/176/208/190,233/569/179
418,6900461,24/104/477/476/26/17/254/1/51/177/176/407/223,104
419,6900462,56/506/372/180/215/545/320/474/407/7,545/56/506
420,6900463,24/215/208/407/82/173,173
421,6900464,31/618/179/545/374/407/364,545/364/618
422,6900465,372/31/26/254/109/53/407,53
423,6900466,24/432/31/26/270/334/245/511/447,334/245
424,6900467,59/24/215/26/175/254/1/248/177/407,59
425,6900469,237/407/87/208,237/87
427,6900472,24/172/25/322/31/26/175/254/1/3/693/54/216/177/407/511,54/3
428,6900473,24/432/237/25/26/17/175/254/1/54/177/376,54
429,6900474,338/366/252/177/208/500/336/264,500/252/264
430,6900475,24/104/42/26/17/175/254/176/407/208,17/104/42
431,6900476,396/169/158/392/428/335/336/572/19,335/572
432,6900477,356/430/158/355/253/349,253/430/355/158
433,6900478,24/158/17/26/175/254/208,17
434,6901025,87/254/393/545/216/177/407/208/308,545/393/87
435,6901026,24/432/17/234/29,432/29
436,6901027,24/237/26/0/208,0
437,6900481,512/203/158/323/253/173/264/349,349/253/158
438,6900482,24/104/372/31/254/1/3/176/407,104/3
439,6900483,158/253/177/208/173/264/349,349/253/158
440,6900484,24/25/180/17/26/175/177/208,17
441,6900485,357/346/428,357
442,6900486,24/237/25/372/215/31/26/1/626/693/216/511/474/336,626
443,6901028,24/31/433/1/321/60/272/407/208/173/7,31/1/60/173/7
444,6900487,432/5/31/26/231/175/1/48/4/234/320/407/7,432
445,6901029,372/215/31/26/175/254/1/3/320/177/176/407/82,320/3
446,6900488,372/215/31/180/175/254/291/6/1/320/177/474/208,291/6
447,6900489,208/173/27/176,173/27
448,6900490,321/254/372/3,3
449,6901031,24/476/289/26/174/254/103/217/177,103/254
450,6901033,24/42/31/243/17/26/231/48/82/306,306
451,6900491,5/215/26/1/407/4/208,5
452,6901035,24/450/26/17/693/216/407/274,450
453,6901036,475/208/75,75
454,6901037,215/26/254/67/444/474/407/208/270/336,208/67
455,6900492,254/393/1/179/545/177/173,545/393/179
456,6901038,24/31/26/17/175/176/1/216/474/177/407/426,17/426
457,6901039,24/506/502/254/393/545/208/173/364,545/502
459,6900493,237/372/26/175/254/179/320/177/176/369/336,369
460,6900494,24/537/180/26/409/175/254/6/320/177/474/407/208,537/6
461,6901041,24/432/237/215/26/208/18,432/18
462,6901043,322/26/254/103/248/216/376,103/254
463,6900495,322/372/26/254/216/53/407,254/53
464,6901045,237/26/295/254/451,451
465,6900496,237/24/26/17/245/208,17
466,6901046,24/372/31/26/409/175/254/1/3/320/105/208/376/7,320/105
467,6901047,1/259/13/39/4/510/27/7/19,13
468,6901049,16/1/3/103/318/176/208/336/7,16/318
469,6900497,215/26/254/0/407/208,0
470,6901050,24/215/31/26/233/216,233
471,6900499,295/316/2,2
472,6901051,24/215/26/357/175/254/1/177/407/336,357/175
473,6900500,172/527/177/208/161/162,527/161/162
474,6901052,336/529,529
475,6900501,24/322/215/31/26/254/1/51/53/176/407/336/7,51/53
476,6900502,24/215/26/266/177/407/336,266
477,6900506,104/322/26/254/1/208/248/318/176/407/73/47/272,104/73/272
478,6900507,24/357/629/173/19,629
479,6900510,24/77/26/175/254/407/208,77
480,6900514,174/214/6/1/208/179/177/335/192/19,335/214
481,6900515,237/88/42/17/409,17/42
482,6900516,25/26/231/17/175/254/1/248/216,17
483,6900517,237/24/26/17/1/208,17
484,6900518,237/31/26/1/245/274/236,274/236
486,6900523,237/215/26/175/278/321/234/474,234/278
487,6900525,172/182/176/208/333,172/182/176/208/333
488,6900526,372/215/254/1/3/177/407/7,254/3
489,6900528,104/9/158/371/179/643/177/4/2/161,104
490,6900531,220/180/254/546/234/407/19/7/383,220/234
491,6900533,237/322/9/77/31/26/176/1/53/474/216/336,9/77
492,6900536,24/372/77/215/26/175/348/254/216/407,77
493,6900537,24/237/322/31/254/321/528,528
494,6900538,160/220/256/1/392/46/39,256/220
495,6900539,178/371/392/234/208/190,178/371/392/234/208/190
496,6901053,143/110/176/1/371/177/140/111/208/133,133/143
497,6901054,26/175/1/411/234/236,411
498,6901055,319/164/128,164/128
499,6901056,24/88/301/568/173,301/568
500,6901057,220/177/23/254,23/254
501,6901058,215/11/26/175/254/1/474/394/128,128/175/11
502,6900540,322/25/244/11/26/254/176/1/216/385/177,244
503,6901061,220/87/26/254/6/13/216/189/89,89/220/87
504,6900541,254/371/321/177/333/190,333/321
505,6901062,323/319/473/336/212,212/323
506,6900542,88/31/26/175/254/1/103/320/216/474/19,103/88/19
507,6900543,181/220/166/13/4/14,181/220
508,6901064,24/322/25/481/504/26/328/175/234/176/270/183,234/328/481
509,6900544,220/121/167/546/46/4,220/121/546/46/4
510,6901065,24/322/527/215/1/572/53/176/407/208/7/19,527/572
511,6900545,31/1/182/22/48/176/208/173/7,22/173/182
512,6901066,5/173/26/118/49/254/1/407/177/176/4/223/7,223/254
513,6901067,180/400/158/177/473,400
514,6900546,429/180/371/208/173,429/180/371/208/173
515,6901069,24/322/42/31/26/409/175/1/177/524/176/324,324/175
516,6900547,76/25/429/88/87/17/175/254/444/208/173/7,76/429/88
517,6901070,432/372/215/31/254/320/474/473,432/31
518,6900549,76/31/83/17/26/254/208,76
519,6901071,73/173/272/208,73/173
520,6901072,2/3,2/3
521,6901073,172/173/253/177/171/336,171/253/173
522,6901074,24/237/26/17/208/234/176/290/173,290
523,6900550,56/506/424/275/6/1/371/392/445/177/46/176/167/208/190/383,56
524,6900551,476/301/75,301/75
525,6901075,296/312/174/214/6/179/392/177/4/208/7,214/179
526,6900552,24/26/109/1/444/105/524,105
527,6901077,26/37/17/254/245/208,37/245
528,6900553,476/26/158/1/479/371/406/176/385/208,406/479
529,6900554,31/26/258/175/254/6/1/511/474/177/208,258/6
530,6901078,24/237/215/31/26/175/254/410/177/474,31
531,6901079,158/0/1/371/48/171/164/176/208/173/7/162,0/1/48/171/173/7
532,6900555,24/31/26/17/175/1/3/249/234/29/216/320/176/274/208,249
533,6900556,322/1/479/179/428/176/208/173/333,173/479
534,6900557,172/178/319/238,172/238
535,6901081,215/253/177/208/336,253
536,6900558,24/237/31/26/17/231/409/350/254/3/208/173,350/3
537,6901083,24/137/26/254/1/626/248/177/216/176/407/7,254/626
538,6900559,483/20/1/285/335/161,335/483
539,6901084,145/254/248/371,145/248
541,6900560,87/31/175/254/393/278/336/545/320/177/407/173/161,545/87/161/278
542,6900561,24/26/17/213/175/177/208,17
544,6900563,56/166/475/545/374/39/14,56
546,6900564,215/402/393/278/272/176/208/173/7,173/272/402
547,6900565,476/372/433/254/320/177/216/208/219,219/433
548,6900566,24/214/51/176/407/208/173/336,51
549,6900567,243/26/17/409/175/545/248/177/474/208/311,17
550,6900568,24/180/254/197/336/19,254/19
551,6900569,24/476/372/26/175/254/1/278/3/320/105/176/308,105/278
553,6901089,31/84/431/173/272,272/84
555,6900572,243/215/26/175/320/248/407/487,487
556,6900573,580/138/180,580/138/180
557,6900574,108/177,108
558,6900575,24/5/432/31/26/375/10/208,10
559,6901093,25/243/26/175/1/444/410/177/118/274,444/175
560,6900576,432/476/77/31/26/1/216/447,447/77
562,6900579,215/295/1/479/545/4/267/173,4/545/173/479
563,6900580,180/179/1/177/208/7/19,179/19
564,6900581,275/371/208/73/383/133,73/133
565,6900582,24/393/1/234/208/173/336,234/393/173
567,6900584,237/87,87
569,6901094,24/87/31/215/175/254/1/182/336/176/407/208/270/7/236,182
570,6901095,208/56/190/371,56
571,6901097,24/322/215/357/254/248/29/177/7,357/29
572,6900586,237/5/614/1/7,614
573,6900588,172/527/296/1/53/406/46/223/428/19,172/527/406
574,6900589,25/215/26/17/585/175/1/444/511/208,17/175
575,6901098,24/104/31/26/254/6/48/177/176/407/208,208/6
576,6901099,24/26/409/1/278/103/177/216,103/278
577,6900590,215/295/1/545/48/51/53/4/267/270,545/48/51/53
578,6901100,24/215/31/26/254/337/321/245/410/177/459/407/73,459
579,6900591,87/357/0/545/173/7,545/87
580,6900592,473/398,398
581,6900593,24/158/393/1/3/278/545/320/177/173/456,456/545/278
582,6900594,24/172/31/26/175/254/1/3/320/105/177/216/176/407/7,105
583,6900595,158/26/175/20/1/73/298,73/158
584,6900596,402/278/407/274/364,364/402
585,6900597,366/252/628/177/208/500/336/2/264,500/366/252/2
586,6900598,24/42/215/26/175/407/208,42
587,6900599,527/1/176/208/173,527/173
588,6900600,220/372/143/214/1/371/392/176/473/190,220/214/143
589,6900601,179/95/177/335/161,95/335/161
590,6900602,31/180/254/1/177,254/1
591,6900603,5/31/175/348/254/1/60/320/50/7,60/348
592,6900604,59/215/31/26/175/1/545/407/82,82/545
593,6900606,26/17/213/175/444/208,17
594,6900607,24/322/372/26/254/239/177/216/336,239
597,6900612,31/26/175/1/410/511/474/177/208/7,175/1
598,6900613,180/214/6/179/392/4/177/89/208/364,89/6
599,6900614,24/31/26/231/1/3/234/103/320/176/82,320
600,6900615,154/150/122/153/573/157,150/157/153/154
602,6900616,432/128/289/26/1/103/385/376/19,103
603,6900617,24/104/173/26/17/254/337/48/234/177/176/407/208/47/7,234
606,6901101,180/270/254/20/1/336/48/177/407/173/7,48/177/270/180
608,6901103,315/180/254/1/177/27,254/1
609,6902002,432/237/26/175/29/54,54
611,6900620,24/104/88/26/254/48/177/176/407/208,254/88
612,6902003,172/9/296/179/1/3/253/177/216/176/4/208/173,253/3
613,6902005,104/26/17/407/208,17/104
614,6902007,496/173/24,496
615,6902009,366/319/371/177/208/270/336/263,366/177/263
616,6900621,172/238/158/1/208/171/161,161/238
617,6900622,62/208/336/270,62
620,6901105,247/244/184/1/13/4/138/73/7/383,184
622,6900623,24/66/31/26/17/1/176/274/208/376,66
624,6900624,24/154/372/215/231/254/177/336,231/154
627,6900626,87/215/231/409/332/179/545/259/177/407/208/173,231/545/173
633,6902022,322/11/26/31/49/254/1/176/407/208/270/27,49/27/11
634,6902024,372/1/200/176/4/208/218/270,218/200
635,6902025,316/278/545/208/534,278/534/545
637,6902026,24/372/26/175/254/1/103/320,103/320
638,6901106,432/31/26/17/175/254/28/1/320/50/324/236,324
639,6900628,208/173/336/234,173/234
640,6902027,237/31/23/254/321/336/248/177/176/407/82/223/7,223/23
641,6900629,132/254/545/374/173/383/456,545/132/456
642,6902028,254/320/54/216/474/176,320/54
643,6901107,76/24/25/31/26/17/82/234/29/176/274/208/207,76
644,6902029,208,208
645,6900630,322/215/31/26/254/444/48/248/53/177/176/407,48/254/53
646,6900631,26/17/371/444/208,17
647,6902031,356/517/248/349,349
648,6901109,254/393/545/173/364,545/364
649,6902032,24/87/26/175/348/254/1/278,348/278
650,6902034,62/208/371,62
652,6902037,24/215/26/254/234/407/86,86/234
653,6901110,24/104/25/26/254/176/208/182/48/105/35/310/407/18/173,105/35
654,6902038,215/31/350/254/179,350
655,6901111,104/158/1/3/318/7,104/318
656,6902039,24/178/31/26/433/109/254/176/479/60/365/177/216/407/147,60/147/479
657,6902041,24/104/88/215/31/26/180/258/175/254/1/177/176/407,104/258
658,6902042,25/31/26/175/254/458/320/216/474,458/320
659,6902043,104/254/511/83,104/83
660,6902045,24/104/31/26/254/38/410/177/176/407/208/173,38
661,6902046,2,2
662,6900632,5/1/3/103/318/216/176/336/7,318
663,6900633,220/83/254/176/208,220/83
664,6902047,178/26/231/254/153/216/474/407/336,231
665,6901113,24/372/26/254/393/1/320/176/407/173/161,320/393
668,6902051,24/88/316/407/208/173/7,173/88
669,6900634,172/158/122/273/253/177/208/173/264,122/253/173/264
670,6902052,208/348/173/180,348/180
671,6902054,178/215/31/254/371/3/321/177,254/3
672,6900635,24/244/42/301/173,301/244
674,6902055,322/160/527/215/254/248/320/177/428,160/527/320
675,6900637,215/323/254/22/248/407,22/254
676,6900638,24/5/322/1/582/545/73/7,73/545
677,6902056,5/196/208/270/7,5/196
679,6900640,432/24/243/26/55/175/278,55/278
680,6902057,24/215/26/17/180/175/511/177,17/175
681,6900641,439/159/180/26/1/182/50/177/511/176/208/7/27,439/159
682,6900642,24/31/17/231/357/201/196/440/82,357
683,6902058,24/372/26/175/254/278/103/336,103/278
684,6902059,24/26/82/254/216/208/173,173
685,6902060,24/26/407/208/47,47
686,6900643,160/178/158/208/420/2,2
687,6900646,372/215/444/320/177/336/478,320/478
688,6900648,24/372/647/215/26/175/254/626/320/176,626
689,6900649,172/366/296/158/420/1/179/95/177/176/208/173/428/161/263,366/296/177/428/161/263
690,6900650,24/313/31/180/26/215/175/348/6/1/13/320/177/407/369/7,348/313
691,6900651,512/172/98/242/410/177/208/173/264/473,410/173/264
692,6902061,104/178/26/275/49/371/1/46/176/208/190/383,104
693,6902062,319/177/128/111,177/128
694,6900652,372/243/31/231/175/254/3/320/216/208/336,231/3
695,6900653,178/31/175/254/182/54/376,54
696,6900654,208/244/177/590,244/590
697,6901115,24/215/31/26/175/254/1/278/103/234/320/177/176,103/234/278
698,6901117,336/372/2,2
699,6900658,24/42/31/26/274/336/272,272/42
700,6901119,56/31/1/336/176/208/173/7,173/56
701,6901120,24/173,24/173
703,6901121,104/408/26/254/177/407/176/4,104/408/254
704,6901124,432/289/26/278/103/385,103
705,6901125,104/387/322/323/26/254/1/444/216/173,104/254
707,6901126,24/237/175/1/278/103/320,103/278
708,6900663,432/26/30/196/320/82,30
710,6900665,208/444/173/177,173
711,6901127,527/372/296/26/320/177/428,527/296
712,6901128,24/31/343/295/392/208/173/161,173/161
713,6900666,372/26/256/176/179/392/428/342/336/530/19,256/530/19
714,6900667,275/21/371/392/100/46/176/208,100/21
715,6902063,24/237/215/1/3/176/208/336/7,3
717,6900668,220/132/506/555/208/371/73,220/132
718,6901130,76/215/31/26/175/254/444/118/407/208,76
719,6900670,220/132/1/371/284/46/39/208/190,132/1/46/208/190
720,6901131,372/215/180/26/254/48/216/474/177/173,173/254
721,6900671,5/220/502/169/1/176/208/7,5
722,6901132,19/208/179/176/335/173/128,335/128/19
724,6900674,167/117/127,167/117/127
725,6900676,172/158/393/162/1/182/208/176/335/2/161,335/393/161/162
726,6902064,356/430/173/166/368/177/171,368/171/173/177
727,6900678,407/545/173/254,545/173
728,6902066,432/237/215/26/175/320/177/474/208/41,41
730,6902067,104/502/1/200/208/336/7,104/200
732,6902068,190/117/177,117/177
733,6902069,244/1/26,244
734,6902070,104/18/118/20/332/1/6/410/176/208/173,104/410
735,6902071,215/436/26/175/254/531/208/511/407/487,487/531
736,6901137,172/338/366/158/153/273/95/253/549/177/208/173/405/263/501,338/366/263/549
737,6902074,522/322/26/158/254/205/1/248/177/176/208/19,522/26
738,6902075,173/278,173/278
739,6901138,24/26/402/175/254/278/103/177/274/336,402
740,6901139,178/179/392/445/208,392/178
741,6901140,529,529
742,6901141,24/42/301/278/173,301
743,6902076,24/25/26/109/1/3/105/385/91/7,105
744,6902077,336/2,2
745,6902079,104/215/180/254/1/371/217/46/177,104/46
746,6900680,243/26/17/175/1/444/410/177/474/4/208/274/542/128,4/175
747,6902080,24/476/178/289/26/254/103/428/342/376/308/583,103
748,6902081,24/42/26/180/175/254/320/177/407,24/42
749,6902082,270/1/208/336/73/173/7,73/270
750,6902083,476/25/372/215/26/16/265/103/177/216/267/407/208,103/215/265
751,6902084,24/215/644/285/177/407/208,285/644
752,6900681,172/587/209/158/169/182/164/176/161/298,587/209/169/164/161
753,6900682,215/169/545/285/176/407/208,545/285/169
754,6900683,24/254/1/547/176/208/376/75/7/236,547/75
755,6900684,181/220/392/176/4/208/192/7,181/220
756,6902085,104/506/158/182/336/176/208/173/161/680/298,104/182/173/161/298
757,6902086,237/5/26/1/245/274/336,5/245
758,6902087,476/104/477/215/436/26/1/216/407/311,104
759,6902088,24/173/17/213/350/1/208/176/407/82/336,350
760,6902089,476/434/31/26/213/571/1/371/54/176/208,434/54
761,6902090,24/104/42/26/17/175/254/48/511/216/176/82,17/104/42
762,6902091,392/72/445/167/579/147/128,72/147
765,6902092,477/31/180/254/177/474/376,477/254/31
766,6900687,25/26/49/254/1/103/177/407/176/4/223/7,223/254
767,6902095,88/502/254/371/82/2,88/2/502
768,6902096,24/9/350/254/1/208/274/82/173,173/350
769,6902097,237/104/315/180/254/1/410/176/208/173/27,104/173
770,6900688,172/178/46,46
771,6900689,237/215/26/17/208,17
772,6900690,220/506/87/6/4,220/87
773,6902098,436/321/177/336/2,2/436
774,6902099,25/388/289/323/26/254/626/216/385/274/292,626
775,6902102,104/25/178/477/254/148/347/1/410/176/4/208/270/190,104/410
776,6902103,173/31/147/420/176/208/336/364,147/364/173
778,6900692,335/173/296,335/173/296
779,6900693,24/432/244/243/26/334/254/474/447,334/244
780,6900694,24/415/31/26/175/254/245/545/13/524/176/208/534,534/415/545
781,6902104,24/527/372/215/31/26/175/254/1/245/320/216/176/407/106/27,106/320
782,6902105,104/178/506/26/254/6/1/46/474/407/128,104/506
783,6900695,372/88/26/295/409/254/393/1/3/320/217/176,320/393/3
784,6900696,24/42/26/409/175/407/208,42
785,6900697,24/77/31/26/215/175/254/1/177/407/18,18/77
786,6900698,56/180/1/545/374/177/208,545/56
787,6900699,24/104/31/26/17/231/82/175/254/1/208/51/320/176/18,104
788,6902106,271/9/502/26/49/1/371/29/46/176/208/173/336,271/46/26
789,6902107,24/215/31/180/175/254/13/177/474,13/254
790,6902109,104/172/9/31/26/49/175/420/176/1/177/46/406/4/208/171/161,104/171/406/172
791,6902112,181/220/396/506/95/39/4/7,181/220
792,6902113,172/158/253/331/177/171/208/173,173/253/331/177/171
793,6902114,332/371/103/46/176/208/173/272/298,272/103/173/298
794,6902115,215/180/231/26/254/479/545/177/386/176/82,545/386/180
795,6902116,432/24/296/26/175/254/393/1/278/320/234/285/176/161,320/393
796,6902117,372/296/254/177/336,372/296
797,6902118,275/161/46,161/46
798,6902119,76/24/26/17/180/175/337/177/208,76
799,6902120,24/104/180/433/254/1/48/177/336,104/433/1
800,6902121,24/104/26/182/234/177/176/407/208/173,104/173
801,6902122,160/483/1/48/53/173/572,160/173/483
802,6902123,215/26/449/254/179/320/248/177/216/407,449/248
803,6902124,561/271/506/26/190/571/393/1/371/46/176/138/208/336/108,271/393/46/26
804,6902125,172/393/1/318/173,172/173/318
805,6902126,172/571/105/176/208,105
806,6902127,104/443/502/158/0/1/173/162,104/173/0
807,6902128,193/104/149/9/238/109/1/3/304/188/171/176/208/147/7/680,104/238
808,6902129,24/432/31/26/17/175/254/320/177/176/62/376/308,62
809,6902130,19/180/179/95/177/428/208/128,128/19
810,6902131,104/322/26/254/1/176/173/7,104/173
811,6902132,104/26/83/254/176/407/208,104/83
812,6902133,24/104/31/26/348/254/28/177/176/47,104/348
813,6902134,104/215/535/26/254/20/176/1/371/13/39/4/208/173/190,104/535
814,6902135,104/9/372/173/346/26/553/20/0/545/428/4/47/19,104/545
815,6902136,301/173,301/173
816,6902139,651/180/177/545,651/180/545
817,6902140,407/173/215/1,173
818,6902142,24/25/42/31/26/17/63/175/176/274/18,63
819,6900700,31/26/409/444/234/176/86,86/234
820,6900701,24/26/1/278/320/177/407/364,364/278
821,6900703,434/26/371/304/176/208/75,434/75/371
822,6900704,24/26/175/254/1/278/103/234/216/407/208,278
823,6900705,31/409/175/254/1/60/444/216/474/407/208/336,60/444
824,6902144,24/372/180/26/175/407/208/34,34
825,6902143,24/243/31/26/17/175/254/28/1/208/57/82,57
826,6902145,24/113/77/215/26/175/254/545/407,545/77
827,6900707,24/5/73/215/31/175/348/254/446/48/407/82/173/7,348
828,6902147,476/26/13/176/118/407/208/147/383/254/392/104/6/248/527/179/374/304/177,104/147/527
829,6902148,24/267/364/278,364/278
830,6900708,356/158/182/253/171/177/208/173,173/158/182/253/171
831,6900709,24/104/322/31/11/26/254/1/248/216/176/270,104/11
832,6900710,24/104/26/254/1/48/177/216/176/407/308,24/104
833,6902152,104/360/121/443/1/200/216/176/208/336/12/298,104/360/121
834,6900711,24/322/476/328/31/26/175/254/20/1/234/103/53/177/176/173,234/328
835,6900713,24/31/26/17/409/175/249/234/320,249
836,6902153,476/24/215/26/410/46/176/407/208/474/322/254/278/27/381/104/477/178/177/47,104/278
838,6902156,296/169/208/331/335/173/336,335/296
839,6902157,372/26/175/254/321/15/320/474/407/208,15
841,6902158,178/508/204/167/153/179/392/176/4/208/192/12/128,167/128
842,6902159,346/190/179/1/95/176/4/7,95/179
843,6902162,104/508/523/372/180/315/26/175/254/28/371/310/288/216/177/18/161/128,104/254/288
844,6900716,24/215/31/26/175/254/1/13/177/474/407/7,13
845,6902163,24/215/26/180/258/175/6/347/177/407/208,258/6
846,6900718,24/237/31/26/17/175/254/1/216/474/274/314/236,17
848,6900719,215/547/671/13/7/19,547/671
849,6900720,42/1/182/208/173,173/42/182
850,6900721,475/208/83,83
851,6902165,24/42/31/26/17/409/175/28/265/274/208,42
852,6900722,237/215/31/26/436/175/254/1/337/320/177/216/407/208/528,528
853,6900723,215/180/17/26/84/254/175/177/511,84
854,6900724,237/215/177/605/208/336,605
855,6900725,237/104/24/26/606/254/29/511/208/534,104/534
857,6902166,432/215/26/320/10/407/208,10
858,6902167,24/26/409/175/1/532/103/524/407/274/336,532
859,6900727,476/24/26/175/254/278/103/176/407,103/278
860,6902168,24/104/11/26/175/254/20/1/161/216/177/176/564/162,104/161/564/162
861,6902169,432/26/231/208/234/29/10/82,432/10
862,6902170,24/104/26/254/176/1/182/22/177/310/407/173,104/173/22/182
863,6902171,432/237/26/254/320/41,41
864,6902172,215/26/254/245/51/248/407/7,245/51
865,6902173,24/26/17/175/254/1/278/48/217/216/407,278
867,6902177,180/254/214/6/50/177/407/208/7,50
868,6902178,24/104/26/254/407/478,104/478
869,6902179,326/133,326/133
870,6902180,356/158/517/253/173,253/173/158
871,6902181,190/177/144,177/144
872,6902182,104/26/83/254/407/208,104/83
873,6902183,175/254/1/60/216/474/176/407/208/183,60/1/175
874,6901142,24/215/26/180/175/254/248/622/177/407,254/622
875,6900729,527/87/420/357/175/254/336,527/336
876,6900730,53/176/407/208/262,53
878,6901145,227,227
879,6901146,24/31/26/175/1/245/29/511/474/310/407,175/29
880,6901147,104/26/83/254/407/208/314,104/314/83
881,6900732,606/17/213/507/446/444/29/474/118/274/82/542,446/29
882,6900734,31/26/175/254/278/685,685/278
883,6900735,432/24/26/175/254/543/278/103/216/177/407,103/278
884,6900736,1/278/336/364/272,272/278
885,6901148,193/172/104/434/238/26/49/371/403/142/1/176/208/171,104/434/171/238
886,6901149,104/387/132/315/26/254/1/371/216/46,104/132
887,6901150,24/278/545/320/173,545/173/278
888,6901151,88/177,88
889,6900737,506/393/179/392/95/164/177/208/2/162,2
890,6900738,476/24/372/215/31/26/175/254/320/177/407/528,320/528
891,6900739,24/432/31/26/175/254/393/1/3/320/216/177/176,393/3
893,6900741,26/316/1/479/188/103/46/262/12,103/46/479
894,6900742,215/180/26/254/6/1/546/320/177/407/7/128,546
895,6900743,172/356/166/273/253/177/173/336/264,166/173/253
896,6900744,432/31/26/175/375/532/245,432/532
897,6900745,31/231/348/278/182/208,348/182
898,6901152,215/31/26/241/175/254/1/177/474/407/7/14,241
899,6900746,432/477/31/26/175/254/440/103/320/385/176/376,103
900,6901153,24/526/372/42/31/481/26/175/254/1/13/320/177/216,526/42
901,6900747,24/432/244/31/17/399/1/385/274/208,244
902,6900748,25/26/507/1/208/444/410/29/177/118/197/7,208/29
903,6900749,476/197/328/26/180/208/177/176/324/73/270/428,324/73/328
904,6900750,25/26/213/175/1/444/410/489/177/474/274/208/128,175/489
906,6902184,25/243/215/26/17/175/532/444/177/474/274,17
907,6901154,603/172/481/1/3/285/318,603/318/481
908,6902185,24/237/42/26/175/278/511,42/278
909,6900752,25/26/17/213/507/175/1/444/29/177/474/274/208/542/128,208/175/29
910,6901155,442/258/265/51/234,442/258/265
911,6902187,172/163/158/177/335,335/177
912,6901156,24/290/173/182,24/290/173/182
913,6900753,475/208/444,444
914,6900755,24/104/432/42/26/17/409/175/254/1/208/29/407/82,104/29
915,6900756,432/24/25/535/26/17/175/1/444/103/29/248/511/177/274/208/376/128,103
916,6901157,372/215/180/26/258/175/320/177/407,258
917,6902188,178/372/443/296/158/175/1/392/318/428,318/296/428
918,6901158,290/502/0/1,290
919,6901159,526/272/278,526/272/278
920,6901160,360,360
921,6901161,24/432/244/289/26,244
922,6902189,208/102/91,91/102
923,6902190,24/26/254/245/51/50/29/407/82,245/51/29
924,6900757,237/215/254/1/3/248/217/336,3
925,6900758,289/26/254/103/248/177/385/474/216/407,103/254
926,6901162,24/91/25/73/243/26/231/17/82/175/29/474/274/290,175/29
927,6900759,237/508/215/26/175/248/35/177/208,35
928,6901163,85/26/254/234/176/407/290,290/234/85
930,6900762,24/215/31/26/409/175/283/176,283
931,6900763,432/476/178/31/26/54/216,432/54
932,6900764,77/215/26/258/175/254/407/27,258/77/27
933,6901164,24/322/26/158/1/60/248/73/7/551,73/60/551
935,6901165,396/179/278/545/176/407/208/351/364,545/364/278
936,6901166,24/372/26/17/55/254/175/1/216/176,17/55
937,6901167,432/5/31/26/17/175/254/28/1/234/50/177/62/208,62
938,6901168,24/26/175/254/1/278/103/216/177/176/407,103/278
939,6901169,104/26/17/337/234/176/407/208,17/104
940,6901170,24/237/215/26/175/254/248/622/177,622
941,6900768,24/31/26/17/254/1/234,17
942,6901172,173/26/270/433/410/103/524/176/208/336,410/103/270
943,6900769,76/215/26/17/175/444/177/474/274/208,76/17
944,6900771,128/56/180/26/175/6/1/14/320/248/177/7/19,56
945,6901175,24/42/31/26/215/407/208,42
946,6901176,208/336/2,2
947,6900773,24/5/25/244/178/476/215/26/175/254/1/51/320/474/176/7,244
948,6901177,24/26/175/0/320/511/474/177/208,320/0
949,6900774,24/1/208/176/4/73/173/272,1/4/73/173/272
950,6901178,24/87/31/231/17/241/254/291/213/175/278/1/208/29/407/314,241
951,6900775,76/31/336/444/216/176/208/173/7,76/173
952,6901179,59/215/254/182/444/407/208,59
953,6900776,24/322/270/17/221/433/254/1/177/216/176/208/173/298,221/433/173/270
957,6900781,76/371/272/173/7/27,76/173/272
958,6901180,24/290/432/31/26/17/231/175/1/446/324/82,324
959,6900782,24/31/26/17/254/1/411/50,411
960,6900785,565/1/253/406/176/4/208/270,4/253/565/270
961,6900786,173/158/418/273/177/171/264,418/173/264/158
963,6900788,172/182/397/4/27/298,397
964,6901181,87/31/215/545/407/161,545/161/87/31
968,6901182,368/163/389/177,368/389
969,6900792,17/178,17/178
970,6901183,24/26/409/51/407/208,51
971,6901184,24/87/215/1/545/407/176/324/336/7,324/545
972,6900793,76/26/17/84/82/196/48/208/260,76/84
973,6901186,396/179/392/473/128,179/473/128
974,6900795,432/244/178/31/289/231/368/1/48/385/82/308,244
975,6901187,237/24/215/17/208,17
976,6900796,24/104/26/254/208/51/48/50/53/177/176/407/82/173,104/51/48/50/53
977,6900797,87/215/175/254/278/545/176/407/173,545/173/278
979,6900799,24/322/363/31/20/103/336/19,103
980,6900801,104/322/215/26/254/1/216/176/376/161/128,104/161
981,6900802,366/158/253/177/208/500/263/264,366/253/177/500/263
983,6900804,592/432/25/26/103/385/118/274/376,103
984,6901188,432/104/26/49/175/543/1/3/532/320,432/104/532
985,6901189,24/25/220/26/23/254/410/407/216/176/89,89/23
986,6900805,172/220/0/1/46/176/208/173/2,173/0/46
987,6901193,371/1/208/176/4/73/343,73/343
988,6900806,24/301/208/235/159,159/301
989,6900807,24/322/526/476/372/31/238/26/254/1/474/176,526/238
990,6900808,172/209/169/176/208/161,209/161/169
991,6901195,5/215/180/26/175/254/50/177/176/407/208/336/272,5/50/272
992,6900809,24/372/313/31/26/180/215/175/254/6/1/320/216/177/407/369/7,313
993,6901196,172/238/158/1/3/176/208,172/238/158
994,6901197,177/108,177/108
995,6901198,24/42/215/26/175/254/407/208,42
996,6900810,76/24/322/31/26/213/1/29/216/176/407/336/7,76
997,6901200,178/261,178/261
999,6901205,9/26/158/20/1/176/208/472,472/158
1000,6900811,25/26/270/254/103/177/216/208/173/190,103/173/270
1001,6901207,172/158/26/420/253/177/171/173/264,26/158/253/171/173/264
1002,6900812,587/31/296/1/3/318/73,73/587/318/296
1003,6900813,128/154/295/122/252/319/177/208/173/264,128/173/252/264
1004,6901211,31/180/339/177/385/208,339/31
1005,6901212,26/241/175/254/6/28/1/177/474/7,241
1006,6901214,313/31/523/26/180/215/1/444/320/407/128,313
1007,6901216,5/173/272/208,5/173
1008,6900814,322/561/31/180/221/254/175/6/1/7/177/176/208/270/336,221/270/31
1009,6901217,432/31/175/1/48/234/236,432
1010,6901218,149/9/238/26/20/1/176/4/208/510,510/238
1011,6900815,220/372/215/26/254/0/1/48/176/407/173/7,173
1013,6900816,24/31/26/175/254/320/248/216/177/336/528,528
1014,6901221,172/366/166/208/485/473,485/366
1015,6900817,24/31/504/26/254/176/511/216/524/407/308,31/504
1016,6900818,381/215/436/26/175/254/444/410/310/407/487/376,487
1017,6901222,31/424/26/393/371/1/675/140/208,675
1018,6901223,87/169/254/249/407/674,249/87/674
1019,6900820,409/393/1/278/177/336,393/278
1020,6901224,172/158/117/153/253/177/173/264/349,158/117/253/173/264/349
1021,6900821,26/254/444/13/407/208,13
1022,6900822,434/372/180/174/254/371/208/383,434/383/174
1023,6901225,87/17/433/177/208/270/336,17/270
1025,6901226,24/215/26/17/175/444/410/208/507/274/1/29/76/59/25/477/231/245/177,17/208/175
1026,6901227,237/372/258/175/254/234/407/208,258/234
1027,6901228,601,601
1028,6901229,172/173/371/397,173/397
1029,6900827,432/24/25/476/328/289/26/235/177/274,432
1030,6900830,24/432/244/31/26/175/254/1/278/177/216/274,244/278
1031,6900831,76/85/26/231/254/410/407/208,76/85
1032,6901230,366/158/252/177/208/500/263/264,500/366/177/263
1033,6900832,220/178/506/180/371/133,220/506/133
1034,6901231,1/371/238/172,172/238
1035,6900837,92/172,92/172
1036,6901232,215/77/175/320/474/407/27,77
1037,6901233,432/26/175/254/3/245/103/13/29/50/320,103
1039,6901237,432/26/254/444/10/407/208,432/10
1040,6901238,104/172/195/190/0/182/95/164/176/208/262/171/108,104/0/195
1041,6901240,24/173/1/371/545/176/407/208/186/7,545/186
1042,6901241,430/158/153/253/177/173/349,430/158/153/253/173/349
1043,6901242,442/24/432/175/350/1/3/234/82,442/432
1044,6901243,24/237/42/215/26/245/208,245/42
1045,6901244,24/26/175/177/274/208,274
1046,6901245,24/160/527/436/357/320/177/176/336,527/320
1047,6901246,24/372/215/31/26/323/175/254/320/35/369,369/35
1048,6900839,24/476/25/244/289/26/385/208,244
1049,6901247,237/31/26/175/254/1/444/234/318/177/208/270/336,234/318
1050,6901248,31/278/444/234/272/173/336,272/234/173/278
1051,6901249,76/24/215/26/17/213/175/134/274/208,76
1052,6901250,238/1/371/235/48/164/176/208,48/238
1053,6900840,372/154/152/153/456,372/154/152/153/456
1054,6900841,24/78/1/51/267/173/333,333
1055,6900842,172/573/158/208/177/335/173,335/573
1056,6900843,24/322/25/9/244/363/183/26/31/254/20/48/177/216/176/336/19,244/363
1057,6900845,24/26/180/254/20/29/177/216/176/208,29
1058,6900846,24/322/46/208/173/336,173/46
1059,6900849,24/26/175/1/622/216/208/435,435
1060,6901251,24/220/137/315/289/26/535/180/372/371/321/107/288/46/385/216/208/128,107/220/137/128
1061,6900850,25/243/215/26/507/175/1/444/410/208,208/507/444/175
1062,6900851,24/25/88/26/254/1/3/407/197/7,25/3
1063,6901252,24/322/527/372/26/254/1/48/216/474/176/407/208/336/7,527/254
1064,6901254,24/215/42/26/175/254/407/208,42
1065,6901255,215/180/26/175/254/6/1/208/177/394/14,14
1067,6900853,372/215/241/175/254/6/1/13/177/407/7/14,241
1068,6901256,5/220/49/254/1/176/407/7,220
1071,6900855,432/24/215/31/26/175/1/103/29/407/385/274,103
1072,6901258,24/104/26/17/175/254/29/208,17/104
1073,6900856,319/145/177/212,145/212
1075,6901261,24/372/26/254/1/479/320/216/407,320
1076,6901262,24/173/31/26/301/103/176/208/47,208/301
1077,6900857,104/502/11/231/17/254/13/29/48/82,104/29
1078,6900859,208/2/182,2/182
1079,6902192,296/0/1/336/285/176/4/208/173/161,173/161
1080,6900860,39/158/1/179/285/335/208/173/428,335/285/39
1081,6901263,24/215/243/26/83/208/7,83
1082,6902193,237/31/26/175/254/1/444/234/176/208/364,234/364
1083,6902194,24/26/409/16/175/407/208,16
1084,6900862,476/17/444/177/216/407,17
1085,6902196,178/42/18/26/254/28/474/176/73,73/254
1086,6902197,24/5/432/31/26/78/175/1/3/234/73/27,432/73
1088,6900863,24/322/173/31/26/270/184/1/103/4/588,588/103/31
1089,6902200,178/215/31/357/254/177/407,357/254
1090,6902201,145/178/289/6/1/179/392/312/208/173/2,2
1091,6902203,208/173/177,173
1092,6900864,158/418/253/177/173/264,158/418/253/177/173/264
1093,6902204,24/432/31/26/175/254/1/216/474/310/426,426
1094,6902205,231/254/407/178,231
1095,6902206,24/104/25/372/289/26/174/254/1/216/177/385,104/174/254
1096,6902207,526/26/254/1/177/216/173,526
1097,6902208,24/5/442/432/31/26/78/234/320,442/78/432
1098,6900865,158/484/177/173/264,484/173/264/158
1099,6902209,24/87/26/241/175/254/6/107/245/13/177/407/208,241
1100,6902210,24/42/215/26/175/407/208,42
1101,6902211,500/91/338,91
1102,6902213,432/244/26/175/254/320/407/274/27,432/244/320/26
1103,6901264,25/26/17/444/446/622/118/208,17/208
1104,6900866,166/184/14/278,166/184/14/278
1105,6902214,24/289/175/385/274/267/534/376,534
1107,6902216,372/215/502/26/357/254/1/177/407/7/183,357
1108,6902217,85/26/231/254/444/529/478,85/529/478
1109,6902219,24/42/31/26/231/409/278,42/278
1110,6900867,356/215/158/135/253/177/173/264,158/135/253/173/264
1111,6900868,208/29/7/3,29/3
1112,6902221,26/393/331/46/428/173/162,173/393/162/46
1113,6902222,215/436/2/371,2/436
1114,6900869,24/26/17/175/254/278/234,278
1115,6902223,25/372/243/31/26/175/254/531/1/444/474/487,487
1116,6900870,24/31/26/231/254/248/217/177/216/407/208,231/217
1117,6902224,215/393/278/234/177,234/393/278
1118,6902225,24/372/26/254/217/53/177/216/173,173/254
1119,6900874,231/336/215/320,231
1120,6902227,76/24/31/254/182/177/208/173/190,76/173/182
1121,6900871,113/215/26/231/254/153/371/179/248,231/153/26
1122,6900875,476/25/244/254/216/177,25/244
1123,6902228,432/24/5/31/26/175/1/3/53/177/407,432
1124,6902229,24/104/87/26/254/407/208/173/478,478
1125,6902230,335/173/208/172,335/173
1126,6902231,24/527/372/296/26/357/254/407/197/336/7,527/254
1127,6902232,24/31/26/17/1/234/82/260/236,234
1128,6901265,172/160/158/281/208/479/1/3/545/182/176/73/161,160/281/3/479/73/161
1129,6902234,24/237/31/26/409/175/254/479/234/216/177/176,234/479
1130,6901266,181/220/160/383/468,181/220/160
1131,6902235,24/31/26/175/254/1/60/320/248/177/176/407/19,60/320
1132,6901269,77/31/26/258/175/254/545/177/407,545/77
1133,6902236,26/433/222/524/176/208/336/646,222
1135,6902238,476/24/25/289/26/1/216/111/75,75
1136,6901270,24/372/26/17/55/254/175/1/177,55
1137,6901271,24/372/215/26/0/320/407/208,320/0
1138,6900876,356/393/331/335/173/162,335/331/393/162
1139,6900877,215/436/31/357/254/176/407/7,357
1140,6900879,76/372/243/215/26/180/175/1/474/407/18/7,76/18
1141,6900881,322/25/504/26/316/520/444/216/176/208/212,520/212/504
1142,6902239,172/173/177/158,172/173/158
1143,6900882,1/219/31/26,219
1144,6902240,31/254/291/179/208,291
1145,6902241,24/73/372/31/158/26/176/371/216/46/111/208/420/564,26/73/372/158
1146,6902242,172/527/9/26/158/49/1/285/176/208/171,527/171/285
1147,6902243,372/215/26/176/407/208/254/336/20/1/48/52/53/4/223/103/216/177/7,223
1148,6902246,296/1/7/176/4/208/173/272/161,173/272/1
1149,6902247,527/372/415/175/208/1/13/82/336/19,527/415
1150,6902248,87/215/295/177/407/208,87
1151,6902249,24/432/31/26/175/1/3/103/50/216/176,432/103
1152,6900883,570/638/436/213/175/254/242/474/208,638/570/175/436
1153,6902250,172/430/368/170/171/177/397/173,368/170/171/397/173
1154,6902251,372/215/174/254/1/103/177/376/128,174/103/254
1155,6901272,117/410/577/208,117/410
1156,6902254,1/318/177/128,318
1157,6902255,24/313/31/26/289/254/1/216/385/177,254/313
1158,6902256,178/215/254/177/407/369,369
1159,6900885,87/393/545/173/14,545/87
1160,6901273,24/26/17/316/175/227/216/274,274/227
1161,6900886,24/237/26/254/3/511/176/208/534/173,173/3
1162,6902257,24/26/371/385/176/208/172/220/171/173/387/1/48/310/4/25/9/169/158/216,220
1163,6902260,117/179/177/335/128,335/117
1164,6902261,24/25/31/26/254/176/337/1/208/321/340/177/407/118/4/197/47,47/340
1165,6900887,178/158/153/253/177/171/208/173,173/158/153/253/171
1166,6902262,5/31/26/148/407/208/274,5
1167,6902265,24/372/215/175/254/179/320/407/369/308,369
1168,6900888,432/372/215/31/26/407,432/31
1169,6902266,24/432/25/372/215/31/26/334/175/254/1/103/320/216/474,103
1170,6901275,24/25/31/175/254/1/103/320/177/474/176,103/320
1171,6900889,17,17
1172,6902267,432/9/26/179/177/208/336/190,432/9
1173,6900890,24/26/175/55/278/474,55/278
1174,6901276,26/281/337/1/371/46/267/197/80,46/80
1175,6900891,31/24/80,80
1177,6901277,24/372/215/180/26/0/475/320/474/407,320/0
1178,6900893,24/289/17/1/105,105
1179,6901278,462/1/31/26,462
1180,6902268,323/158/319/153/177/335,335/177
1181,6901280,31/547/80/3,547
1182,6900894,31/393/182/336/444/53/176/173/7,173/393/53/182
1183,6902269,26/244/407/278,244/278
1184,6902270,24/215/175/254/1/278/545/285/173,545/285/278
1185,6901281,87/215/393/278/545/407,545/393/87/278
1186,6902271,56/49/371/1/179/176/208,56
1187,6900895,158/1/545/318/173,545/173/318
1188,6902273,24/322/372/357/254/1/407/7,357
1189,6901282,145/182/95/177/173/336,95/173/182
1190,6902274,372/215/26/254/179/320/177/369/336,369
1191,6900897,220/180/0/371/208/127/177/473/190,127/220/0
1192,6901283,24/237/215/31/26/1/274/236,274/236
1193,6900898,24/322/504/254/1/4/248/53/176/407/336,504
1194,6901284,24/313/31/180/26/215/175/348/254/6/1/13/320/177/407/7/19,313
1195,6902275,26/17/180/1/208/326/29/217/474/118/18/7/471,17
1196,6902276,372/31/26/175/254/310/216/330,330
1197,6902278,104/42/289/26/17/175/254/407/208,17/104
1198,6902279,24/527/31/26/175/254/1/2/13/320/318/474/176/407/218/7/19,218/320
1199,6902280,24/215/328/173/333/183,173/333
1200,6902281,24/25/215/31/26/175/1/60/320/177/216/176/407,60
1201,6902282,173/430/177/182,173/430/182
1202,6900899,163/158/418/355/253/177/173,163/158/418/355/253/173
1203,6900900,24/372/31/26/175/254/1/3/320/105/216/176/208,105
1205,6901285,24/104/31/26/180/208/320/177/18/173,18
1206,6901286,24/26/180/175/177/208/34,34
1207,6902284,237/215/254/545/208/173/336,545/173
1208,6902285,158/177/208/2/162,2/162
1210,6902298,3,3
1211,6902300,24/31/26/180/254/248/177/176/529,248/529
1212,6901287,5/322/220/215/1/407/176/89/173/7/19,5/220/1/89/7/19
1213,6901288,104/83/26/254/208/216/176/407/394,83
1214,6901289,220/178/254/179/428/335/485/173,335/485/220/173
1215,6901290,181/163/158/117/177/173,117/181
1216,6901291,117/410/153/208,117/410
1217,6901292,256/214/179/176/208/173/428,256/173/179
1218,6901293,104/481/26/254/176/392/177/39/407/190,104/254/481/39
1219,6902303,173/180/270/254/179/111/234/177/176/208/336,234
1220,6902304,475/60/444,60/444
1221,6902305,499/577/331/349,577
1222,6901294,24/476/11/26/17/289/73/31/72/105/79/1/29/78/361/50/324/75/80,72
1223,6902306,103/216/289/176,103
1224,6902307,24/439/5/432/31/26/213/175/254/1/3/51/234/208,432/439
1225,6901295,163/169/158/393/179/208/335/173/336,335/393/158/169
1226,6901297,104/47/29/11,104/47/29/11
1227,6901298,24/5/77/31/409/254/1/3/547/60/176/208/7,547/77
1228,6902308,160/393/392/331/335/173,335/160/173/393
1229,6901299,685/254/201/178,685/254
1230,6902309,76/77/83/26/254/511/407/208,76/77/83
1231,6901300,24/31/26/17/249/407/274/333,249/333
1232,6901301,356/172/158/418/482/177/171/208/173,356/173/482/158
1233,6901302,24/104/180/26/23/254/248/177/216/176/407/208/308/383,104/23
1234,6902310,132/143/230/167/498/128,498/128/143
1237,6902313,24/104/527/87/26/496/678/357/254/175/325/545/320/177/176/173/161/19,104/527/320
1238,6902314,24/42/31/26/409/208,42
1239,6902315,190/129/177,129/177
1240,6902316,24/372/173/296/215/254/393/179/249/545/216/336,249/545/179
1242,6902318,385/103/254/224,103/224
1243,6902319,31/26/17/231/213/254/175/1/371/234/177/176/208,175/234
1244,6902320,16/1/3/51/103/318,103/318
1245,6902321,169/179/1/95/177/420,95/169
1246,6902322,154/372/215/231/254/177/216/336,231/154
1247,6902323,215/26/357/254/176/407/216/177/4/208/223/336/27,357/223
1248,6902324,24/178/215/31/26/16/254/175/103/216/407/336,16
1249,6902325,296/158/49/254/1/545/161,49/545
1250,6902326,104/254/182/13/50/177/524/176/27,104
1251,6902327,24/322/26/393/1/179/545/216/176/208/173/336,24/545/173/393
1252,6902328,102/17/242/410/177/208,242/410/102
1253,6902329,24/322/11/26/270/254/177/407/73/336,73/11
1254,6902330,178/35/118/308/190,178/35/118
1255,6902333,17/208/407/24,17
1256,6902334,238/179/2/177/208/173/7/128,2/238
1257,6902335,24/322/31/26/103/320/216/407/47/7,47/103/320
1258,6902336,2,2
1259,6902337,237/26/83/350/254/511/176,350/83
1261,6901305,128/215/180/26/175/254/6/1/320/177/407/19,6
1262,6902339,432/24/237/31/26/334/291/337/411/320/216/208,432/334/291
1263,6901307,237/24/26/254/38/578/177/208,38
1264,6901306,335/117/544,335/117/544
1265,6901308,324/173/24,324
1266,6902342,388/289/319/188/111/128/133,319/188/111/128/133
1267,6902343,132/176/1/46/111/208,46/132/1/111
1268,6902344,476/179/392/177/335/173,335/173
1270,6902345,24/26/295/216/177/35/208,35
1271,6902347,215/26/175/15/320/248/407/208,15
1272,6902348,24/372/215/61/26/175/254/177/407,61
1273,6902349,24/104/77/31/26/258/175/1/234/320/176/407,320/77
1274,6902351,31/26/49/272/103/176/208/173/7,49/173
1275,6901310,432/175/278/411/234/177/511,278/411
1276,6902352,177/111,177/111
1277,6902353,335/584,335/584
1278,6901311,172/163/353/177,172/353
1279,6901312,172/9/154/158/152/182/176/208/2,172/154/158/182/2
1280,6901313,442/432/24/31/26/334/254/245/270,442/334
1281,6902354,584/169/393/6/335,335
1282,6902355,180/26/254/177/208/173,173/254
1283,6902358,24/476/31/26/175/254/105,105
1284,6902359,433/337/208/321/407/73/173/272,73/173/272/433
1285,6901314,278/545/285/177/407/173,545/285/278
1286,6902360,24/42/215/26/175/254/407/208,42
1287,6901315,26/175/444/176/208/534/173/333/336,534/333
1288,6901316,172/372/49/1/95/285/406/4/2/161,406/2/161
1289,6901317,434/296/26/31/357/254/371/304/177,357/434
1290,6902362,24/197/244/11/26/183/1/687/22/60/29/52/694/176/73/47/80,687
1291,6901318,26/83/254/407/208/472,472/83
1292,6901319,329/372/346/1/179/46/39/73/589/336/428/190,73/589
1293,6901320,173/1/278/103/234/50/216/176/407/208/47/212,212
1294,6901321,215/31/26/433/254/176/444/248/54/216/474/428/208/336,248/54
1295,6902363,193/172/368/116/177,116
1296,6901322,31/323/180/26/254/326/207,207/254
1297,6901323,544/172/356/430/173/253/177/336,544/253/173
1298,6901324,254/393/278/545/320/177/407/173,545/278
1299,6901325,24/42/26/409/175/177/407/208,42
1300,6901326,272/77/27,272/77/27
1301,6901327,215/26/6/177/474/407/208/128,6/128
1302,6902365,172/356/158/253/177/208/173,173/253/158
1303,6902366,163/573/393/208/444/335/173/2/162,335/2
1305,6902369,87/215/26/241/175/254/407/14,241
1306,6902371,24/215/31/26/175/254/1/320/105/176/653/7,320/105
1307,6902372,2,2
1308,6902373,115/177,115/177
1309,6901328,24/104/508/11/26/17/231/31/254/175/211/440/13/29/50/48/111/208,104/440/29
1310,6902374,24/173/180/190/26/254/176/1/105/177/39/208/270/336,270/105/173
1311,6902375,77/31/26/215/175/254/545/444/216/177/407,545/77
1312,6902376,17/208/177/180,17/180
1313,6902377,173/215/180/175/254/29/208/336/272,173/29/272
1314,6902378,357/254/175/320/318/177/176/161/478,320/478
1315,6902379,220/11/238/1/51/234/444/440/48/314,220/234
1316,6902380,372/296/26/254/320/428/674,372/296
1317,6902381,432/104/5/24/31/17/545/13/234/176/208/336/27,432/104/27
1318,6902382,104/523/26/254/1/371/177/46/176/4/208/216,104
1319,6902383,322/582/216/176/208/75,75
1320,6902386,76/254/407/83,76/83
1321,6902390,77/215/26/175/254/444/407/579,77
1322,6902391,432/24/296/26/31/175/254/393/1/3/278/285/320/177/176,320/393/296
1323,6902392,25/173/289/316/208/444/48/103/177/407/73/270/263,103/173/263
1324,6901330,24/220/289/158/553/254/303/248/216/79/176/208/336,24/220/79
1325,6901331,172/393/1/208/173,173/393
1326,6901332,244/289/590/177/385/524/208,244/590
1327,6901333,24/477/372/215/26/254/1/103/216/177/176/407/376,103
1328,6902393,24/104/25/180/26/254/6/688/177/197/292,104/292/688
1329,6902397,368/166/558/167/333,368/166/333
1330,6902400,208/173/177,173/177
1332,6902402,372/215/175/254/1/444/13/407/7,13
1333,6901334,24/243/26/175/3/13/385/176/208/31/254/376/1/432/25/492/245/103/50/216,103
1335,6901335,76/180/254/182/444/318/216/208/173/336,76/173
1336,6900902,24/432/26/231/254/208/479/182/13/234/320/176/407/82/173,432/13
1337,6900903,24/5/215/26/371/1/407/274/73,5/73
1338,6901336,432/24/104/26/175/254/29/407,432/104/29
1339,6900904,24/5/31/26/254/1/182/72/176/208/336,72/182
1340,6900905,24/476/372/215/31/175/254/1/60/103/320/216/177/176/407/308,60/103
1341,6900906,372/215/26/254/1/444/285/53/216/176/407/336/478,254/478
1342,6901338,24/476/372/215/26/175/13/474/407/31/254/413/336/104/109/1/477/25/177/7,104
1343,6900907,104/502/1/3/318/4/236,318
1344,6900908,24/42/31/26/17/63/175/254/180/208/234/693/511/216/176/18,63
1345,6900909,322/88/26/158/179/103/53/216/176/208/173/27,103/88
1346,6900910,132/391/254/1/177/216/176/208/173,391/132
1347,6900911,59/88/215/31/26/372/175/254/1/13/320/177/216/176/407/7/19,59/88
1348,6900912,5/215/26/175/407/274,274/5
1349,6900913,24/527/215/26/357/175/371/320/248/474/176/428/529,527/371
1350,6900914,24/5/432/26/17/175/254/82/1/208/48/320/73,73/5
1351,6900915,215/180/17/84/254/177/208,17/84
1352,6900916,24/322/25/31/270/180/26/254/105/177/216/176/407/197/218/173/336,218/173/105/270
1353,6900917,177/108,177/108
1354,6900918,372/215/26/175/254/444/320/53/407,320/53
1355,6900919,177/372/2,372/2
1356,6900921,158/628/253/177/173/2,253/2/173/158
1357,6900923,24/31/26/231/175/254/1/278/285/234/177/407/82,285/278
1358,6900924,24/432/244/26/1/376,244
1359,6900925,24/296/26/175/254/393/301/1/278/511/216/176/534,301/393/296/278
1360,6900926,24/104/47/11/502/26/1/208/223,104
1361,6900927,231/175/278/177/407/208/615,615/278
1363,6900929,24/5/432/31/26/78/1/48/234/447,432
1364,6900930,132/393/371/234/46/176/208/262/335/7,335/262/234/46
1365,6900931,434/78/216/208/336,78/434
1366,6900932,24/104/372/26/118/254/1/248/216/176/407/308/7,104
1367,6900933,322/372/31/26/254/20/176/1/48/103/53/216/407/4/588/183,588/103/31
1368,6900934,237/26/213/29/4/208,4/29
1369,6900935,88/175/254/48/407/208/147/27,48/88
1370,6900936,24/31/26/175/254/176/1/248/216/474/310/407/426,426
1371,6900937,323/180/254/321/22/248/407/82,22
1372,6900938,322/47/88/215/49/208/444/216/176/407/73/173/336,73/88
1373,6900939,476/24/26/333/175/254/474/82/364,364/333
1374,6900940,26/158/201/444/50/176/208/681,50
1375,6901339,76/31/26/17/176/444/267/407/82,76
1376,6901340,158/418/273/182/177,418/158/182
1377,6901341,24/42/31/26/231/175/1/48/274/82/173/528,274/42
1378,6901342,76/24/17/316/79/208,76/79
1379,6901344,24/502/26/553/1/479/182/179/176/208/173/336/298,298/182/173/479
1380,6901345,180/1/179/95/177/176/4/208/190/19,179/19
1381,6901346,25/372/26/409/254/208/216/177/176/73/376,73/254
1382,6901347,396/160/179/392/46/39/335/173,335/160
1383,6901348,87/215/393/6/545/407/208/173,545/173/393/87
1384,6900942,24/476/372/215/26/17/175/254/511/474,17
1385,6901349,301/160/483,301/483
1387,6900943,87/31/180/393/1/545/13/177/407/208/173/336,545/173/393/87
1388,6901351,76/24/173/1/4/208/336/272,76/24/1/4/173/272
1389,6900944,173/182/336/161/298,173/161/182
1390,6900945,24/25/372/26/175/1/278/103/320/216/177/176/407,103/278
1391,6901352,25/243/26/17/213/175/1/142/444/29/274/208/542,208/542/29/175
1392,6900946,215/31/26/175/474/407/435,435
1393,6900948,166/368/549/177/171,166/171/368
1394,6900949,432/334/543/409,432/334
1395,6900950,296/214/6/259/4,259
1396,6900951,432/372/31/26/175/1/320/216/176/473/364,432
1397,6900952,215/180/496/26/175/254/6/13/320/177/248/173/7/19,496
1398,6900953,393/619/667/169,393/619/667/169
1399,6900954,24/234/318/173/272,272/234/318/173
1400,6900955,372/254/179/1/545/444/216/176/208/173/364/336,545/364/179
1401,6900956,442/432/24/26/231/258/3/234/267,442/258/432
1402,6900958,432/24/606/26/543/444/234/29,432/234/29
1403,6900959,563/26/1/3/103/176/208/7/19/236,563
1404,6900960,208/173/529,173/529
1405,6900961,662/498/173/397,662/173/397
1406,6900962,432/439/24/31/17/1/411/3/234,432/439
1407,6900963,237/334/409/26,334
1408,6900964,104/11/26/231/254/1/196/216/177/176/274/82,104
1409,6900965,254/372/177/238,238
1410,6900967,132/166/184/73/14,166/184/132
1411,6900968,31/26/436/254/21/51/341/407/173,173/254
1412,6900969,24/322/215/16/393/1/176/208,16/393
1413,6900971,215/31/26/17/175/531/410/248/511/474/407/82,17/531
1414,6900973,535/180/22/177/208,22/177/208/180
1415,6900974,24/322/526/11/26/254/1/216/177/176/407/197/336/7/652,652
1416,6900976,26/182/245/176/208/173/7/27,245/182
1417,6900977,24/387/25/17/254/0/103/216/177/82/173/7,103/254
1418,6900978,25/31/254/1/444/54/216/474/177/272,54
1419,6900979,237/87/393/214/278/545/285/177/336,545/285/87/278
1420,6900981,237/31/26/175/693/29/208/447,29
1421,6900982,180/23/254/371/248/216/177,23
1422,6900983,24/180/26/175/320/35/177/208,35
1423,6900984,26/254/248/340/177/197,340
1424,6900985,104/357/254/547/51/13/29/374/7,104/254/29
1425,6900986,24/5/1/3/545/318/176/208/173/7,545/318
1426,6900988,508/31/254/177/208,254/31
1427,6900989,24/372/243/215/180/17/26/175/254/474/407,17
1428,6900991,322/42/215/26/357/175/254/13/216/176/407/18/270,357/42
1429,6900992,76/376,76
1430,6900994,104/26/254/1/3/444/248/216/177/176/407/7,104
1431,6901353,237/87/0/7/545/407/208/173/529,529/545/87
1432,6900995,24/77/31/26/215/175/254/216/407,77
1433,6900996,372/26/175/357/254/320/216/176,357
1434,6901354,444/234/265/83,234/265/83
1435,6900997,208/272/173/53,272/173/53
1436,6901355,176/208/173/336/27,173
1437,6900998,24/527/372/26/254/407/336,527/254
1438,6901357,24/26/254/1/245/51/48/410/53/208,245/51/48/53
1439,6901358,372/154/99/215/254/511/177/407,372/99
1440,6900999,315/180/26/254/214/6/177/4/345,345/315/180
1441,6901359,215/83/26/180/6/1/320/177/7/404,180/320/6/83
1442,6901360,77/31/26/215/175/254/6/208/444/545/320/511/176/407/18/27,18/77/27
1443,6901361,220/443/372/26/158/176/1/336/444/48/234/428/208/173/272,234
1444,6901362,432/476/24/289/26/175/278/103/385/176/308,103/278
1445,6901363,328/504/16/1/177/4/208/270/183,16/328
1446,6901501,24/26/278/173/212/560,560/278
1447,6901502,244/31/26/175/278/534,244/278
1448,6901503,177/174/220/254,174/220
1449,6901504,166/121/296/169,166/296/169
1450,6901505,24/5/432/31/26/175/348/254/1/3/320/176,432/348
1451,6901507,24/42/31/243/17/78/26/234/176,78/42
1452,6901508,237/372/323/23/254,23
1453,6901509,26/84/180/175/254/444/511/177/208,84
1454,6901510,320/630,320/630
1455,6901511,432/302/26/320/177/407,432/302/26/320/177/407
1456,6901512,24/237/77/31/26/175/254/475/177/208,77
1457,6901364,24/31/26/175/254/1/278/103/248/177/176/267,278
1458,6901513,24/682/357/1/660/173/529,660/682
1459,6901514,180/254/177/8,8
1460,6901365,172/273/253/248/177/171/331/173/264,171/253/173
1461,6901515,220/393/332/217/4/208/173/272,173/272
1462,6901516,24/26/316/78/175/254/1/51/336/333,78/333
1463,6901517,396/372/158/169/393/179/95/177/335/173/19,335
1464,6901519,24/243/26/17/175/444/82/208/31/507/274/381/142/29/477/25/231/245/177/91,208/175/29
1465,6901520,237/24/215/278/364,364/278
1466,6901521,584/346/169/393/179/3/1/176/208/173/335/19,335/19/3
1467,6901522,237/24/77/31/26/175/254/475/545/177/208,545/77
1468,6901523,372/215/175/254/320/177/216/407/369/336,369
1469,6901524,444/29/511/336/272,29/272
1470,6901526,346/336/331/335/173/161,335
1471,6901527,208/173/238,173/238
1472,6901528,31/211/285/176/4/208,285
1473,6901529,24/504/563/1/96,96/563
1474,6901530,372/26/175/254/234/474/407,234
1475,6901366,393/1/278/545/173/286,545/393
1476,6901367,372/31/26/254/407/336,254/31
1477,6901369,24/201/176/82/208/73/481/254/337/357/1/7/48/5/25/433/177/216/2,433/481
1478,6901531,173/158/490/253/177/171/349,173/158/490/253/171/349
1479,6901373,24/439/5/31/26/175/254/1/50/53/274/333,439/333
1480,6901374,432/104/24/31/26/175/29,432/104/29
1481,6901375,442/5/432/31/26/182/48/234/320/511/19,442/432/19
1482,6901376,26/1/3/103/318/176/208/336/7,318
1483,6901377,372/215/26/254/0/20/1/336/48/103/177/176/407/208/223/7,223/254
1484,6901378,215/26/175/254/177/217/407/272,217
1485,6901532,13/529,529
1486,6901534,24/254/444/53/407,53
1487,6901535,476/372/31/254/50/474/407/82,50
1488,6901536,24/104/432/237/31/26/175/254/29/267,432/104/29
1490,6901538,372/31/26/323/254/22/326/407,22
1491,6901539,24/31/26/17/175/254/1/248/54/308,17/54
1492,6901540,24/77/215/26/175/254/1/320/248/474/176/407,77
1493,6901379,209/296/214/6/179/177/312/208/7,209/179
1494,6901380,24/26/17/291/1/234/176/274/208/173,291
1495,6901541,24/565/26/254/6/48/35/177/176/407/208/173/7,565/6/48/35/173/7
1497,6901544,476/322/183/36/254/20/1/103/177/176/407/208/270/27,103/27
1498,6901546,237/87/215/177/208/336,87
1500,6901548,432/24/31/26/231/0/196/274/82,432/0
1501,6901549,24/26/301/175/371/1/176,301/1
1502,6901550,175/320/630/176,320/630
1503,6901551,271/31/26/78/208/176/73,73/271/26
1504,6901381,104/502/26/553/1/217/7,104/553
1505,6901552,24/31/26/175/254/1/3/48/103/320/234/176/274/236,320
1506,6901382,301/173/296/278,301
1507,6901553,476/104/527/178/26/254/148/1/410/176/407,104/527
1508,6901383,180/26/175/6/1/320/177/35/208,320/6/35
1509,6901384,24/31/26/17/175/254/176/320/177/216/474/62/82,62
1510,6901555,172/178/366/177/208/2/263,366/2/263
1512,6901388,237/208/317/84,84
1513,6901557,512/178/323/158/252/319/273/326/173/308/264,512/158/252/173/308/264
1514,6901558,24/322/372/215/11/26/254/1/103/53/407,103/11
1515,6901559,104/160/502/26/296/158/1/278/13/406/176/208/173,104
1516,6901389,181/178/195/8/275/153/10/39/167/203,181/195/8/10/39
1517,6901560,87/215/180/17/357/175/254/1/60/248/511/177/173,17/87
1518,6901561,24/104/237/26/17/254/511/208,17/104
1519,6901390,208/51/401/175,51/401
1521,6901565,24/409/173/364/336,173/364
1522,6901391,104/26/213/83/254/407/208,104/83
1523,6901392,512/180/177/130,130
1524,6901393,1/211/545/176/4/208/173,545/173/211
1525,6901566,24/31/26/78/175/176/407/208/274/173/333,78/175/333
1526,6901394,24/322/31/26/175/1/3/103/50/320/216/511/7,103/320
1527,6901567,99/179/46/39/173/364,364
1528,6901395,319/181/336/177,181
1529,6901568,432/322/24/244/25/388/289/26/1/216/385,244
1530,6901569,24/113/31/26/17/175/254/1/320/177/65,65
1531,6901396,24/296/169/301/201/371/179/327/216/176/208/173,301/173/201
1532,6901397,76/24/31/26/17/180/254/48/274,76
1533,6901398,432/31/61/17/26/175/254/1/234/320/216/177,61
1534,6901570,366/323/252/319/177/208/157,366/252/323
1535,6901571,5/88/350/254/1/208/216/176/407/82/7,350/88
1536,6901572,24/372/328/31/26/270/180/20/1/216/177/428/73/173/183,73/173/270
1537,6901573,372/215/26/175/254/196/15/320/216/407/208/336,196/15/320
1538,6901574,42/26/175/254/407/208,42
1539,6901575,26/83/254/60/176/208,60/83
1540,6901576,509/31/26/82/444/176/208,509
1541,6901577,24/104/432/31/26/231/175/1/48/53/176/333,432/333
1542,6901579,24/26/254/48/29/529,529
1543,6901580,24/476/215/26/175/474/176/407/31/336/1/320/248/19/5/25/317/60/216/7,60
1544,6901581,434/296/26/393/371/46/673/208,434/393/296/673
1545,6901399,533/24/31/254/1/216/177/173,533
1546,6901582,24/322/328/504/26/31/175/254/216/270/333/183,333/328
1547,6901400,24/25/243/31/26/175/1/410/444/489/177/118/208,410/489/175
1548,6901401,24/322/26/17/175/208/60/73,17/73/60
1549,6901402,24/372/215/26/357/254/1/216/336/7,357/254
1550,6901404,172/178/109/319,172/109
1551,6901405,243/215/644/278/545/285/474/407/351/173,545/285/644
1552,6901406,567/158/166/389/177/171/2,166/171/2
1553,6901407,243/215/26/175/444/29/177/407,175/29
1554,6901408,24/31/26/16/254/175/1/3/103/234/320/274/7/236,103/320
1555,6901410,16/176/1/285/53/46/406/164/208/681/161,16/285/161/406
1556,6901411,24/104/26/17/254/176/407/208,17/104
1557,6901413,24/149/26/254/1/48/105/177/176/407/208/173/7,254/105
1558,6901414,24/527/26/231/357/254/175/1/320/248/173/161,527/320
1559,6901415,24/372/254/1/234/318/336,234/318
1560,6901416,24/88/443/173/158/26/393/1/3/428/336/7,173/88
1561,6901417,527/26/281/78/1/371/304/176/208,78/527
1563,6901419,396/173/169/393/614/1/179/392/46/39/589/192,589/614
1564,6901420,172/295/321/253/177/208/173/264,172/173/253/264
1565,6901422,296/26/1/176/208/583/19,1/19/296
1566,6901423,5/348,348
1567,6901424,104/481/1/318/173/7,104/318/481
1568,6901426,504/278/177/173/336/263,504/263/278
1569,6901427,24/527/26/357/254/177/176/407,527/254
1570,6901428,506/77/180/26/215/254/371/1/177/407/190,506/77
1571,6901429,24/31/26/409/175/254/28/320/216/177/176/223/336,223
1572,6901430,247/87/325/214/332/278/545/177/407/7,325/545/278
1573,6901431,476/104/83/26/254/176/407,104/83
1574,6901432,322/26/16/254/1/336/27,322/16
1575,6901433,476/24/237/77/31/26/175/254/474/176/208,77
1576,6901434,432/502/175/543/1/3/320/19,432/19
1577,6901435,88/254/79/407/208,88/79
1578,6901436,87/278/545/285/407/173,545/285/278
1579,6901438,215/180/17/84/175/26/177/208,84
1580,6901439,24/25/137/502/26/409/175/254/1/103/248/177/216/176/407/320,103/320
1581,6901441,25/109/177/118/190,109/177/118
1582,6901442,476/73/434/443/26/158/371/1/216/46/176/208/336/428,73/434/46
1583,6901443,372/2/177/190/128,177/2/128
1584,6901445,5/26/175/254/1/3/103/173,103
1585,6901452,172/160/173/26/182/326/208/336/264,172/160/26/182/173/264
1586,6901454,172/160/49/0/1/176/208/173,173/0
1587,6901457,587/396/160/1/285/406,587/406
1588,6901459,9/220/173/158/495/393/182/447/46/176/208/336/298,220/393/182/173/298
1589,6901460,172/396/178/296/169/26/495/397/176/179/392/428/208/173,296/397
1591,6901464,608/173,608/173
1592,6901465,31/175/254/28/182/336/29/407/208/173/272/27,29/272
1593,6901467,76/24/432/31/26/409/175/29,76/29/432
1594,6901468,24/26/254/0/407/208,0
1595,6901471,24/243/26/357/175/234/50/407/82/274/336,357/234
1596,6901472,24/215/26/175/511/474/310/128,175/128
1597,6901473,24/173/301/177/447/7,301/447
1598,6901475,24/31/26/216/80,80
1599,6901476,172/158/182/208/264,172/158/264/182
1600,6901478,237/31/26/17/175/1/278/234/103/176/208,103/278
1601,6901479,22/254/177/248,22/254
1602,6901480,1/278/60/234/444/272,234/272/278
1603,6901481,166/356/398/172,398
1604,6901482,26/49/20/1/371/103/320/216/248/176/4/208/428,103
1605,6901483,24/237/215/26/17/254/446/248/177/208/376,17/446/254
1606,6901484,9/180/320/177/208/404,9
1607,6901485,25/215/31/26/180/254/1/266/177/474,266/180
1608,6901486,172/668/173/158/300/171/397/473/336,172/173/397
1609,6901487,9/175/20/1/3/285/406/176/208/171,171/406/3
1610,6901488,173/315/6/475/245/13/4/613/257/19,613/475
1611,6901489,180/254/1/177/474,254/1
1612,6901490,208/147,147
1613,6901491,85/26/78/254/176/208,78/85
1614,6901492,242/177,242
1615,6901493,24/237/31/26/17/254/60/511,17/60
1616,6901495,26/364/371/278,364/278
1617,6901496,26/254/176/1/177/118,254
1618,6901499,154/215/31/436/231/254/153/407/336,231/154/153
